Workbook

Sheet Read me
B1: Weekly KPI Scorecard · Read me
B2: One page that shows whether each team hit its numbers last week, and what's being done where it didn't.
B3: Harbor & Pine Co. is a fictional Australian home-goods store. All numbers are made up for this sample.
B5: How to update it every Monday
B6: 1. On the Scorecard tab, change the date in C2 to the Sunday that just ended. The week headers update on their own.
B7: 2. Select I5:O20, copy, then paste values only into H5 (Ctrl+Shift+V in Google Sheets and Excel). This drops the oldest week.
B8: 3. Type last week's actuals into column O. Percentages go in as percentages, e.g. 91%.
B9: 4. Write a short comment for every KPI marked Watch or Off track: what happened and what's being done.
B10: 5. Check the Summary tab, then share the link or export it to PDF for the Monday meeting.
B12: How status works
B13: On track: the latest week is at target or better.
B14: Watch: it missed target, but by no more than the tolerance in column G. Example: target 95%, tolerance 2%, so 93.1% to 94.9% is Watch.
... B30: It uses standard functions only (IF, COUNTIF, COUNTIFS, INDEX, MATCH, MID, ROUND), so it works the same in Excel and Google Sheets.

Sheet Scorecard
A1: Harbor & Pine Co. · Weekly KPI Scorecard
A2: Week ending (Sunday) | C2: 46292 | E2: Change the date in C2 each week. See the Read me tab for the update steps.
H3: Weekly actuals | P3: Latest week
A4: Function | B4: KPI | C4: Owner | D4: Unit | E4: Target | F4: Better if | G4: Tolerance | H4: =$C$2-49 | I4: =$C$2-42 | J4: =$C$2-35 | K4: =$C$2-28 | L4: =$C$2-21 | M4: =$C$2-14 | N4: =$C$2-7 | O4: =$C$2 | P4: Latest | Q4: Gap to target | R4: Status | S4: Week-on-week | T4: 8-week trend | U4: Comments | V4: Off track # | W4: Watch #
A5: Sales | B5: Revenue | C5: Ecommerce Manager | D5: A$ | E5: 330000 | F5: Higher | G5: 0.05 | H5: 312400 | I5: 318900 | J5: 305200 | K5: 321700 | L5: 334800 | M5: 328100 | N5: 341900 | O5: 329300 | P5: =O5 | Q5: =IF(P5="","",IF(F5="Higher",P5-E5,E5-P5)) | R5: =IF(P5="","",IF(F5="Higher",IF(P5>=E5,"On track",IF(P5>=E5*(1-G5),"Watch","Off track")),IF(P5<=E5,"On track",IF(P5<=E5*(1+G5),"Watch","Off track")))) | S5: =IF(OR(N5="",O5=""),"",O5-N5) | T5: =MID("▁▂▃▄▅▆▇█",IFERROR(1+ROUND(7*(H5-MIN($H5:$O5))/(MAX($H5:$O5)-MIN($H5:$O5)),0),4),1)&MID("▁▂▃▄▅▆▇█",IFERROR(1+ROUND(7*(I5-MIN($H5:$O5))/(MAX($H5:$O5)-MIN($H5:$O5)),0),4),1)&MID("▁▂▃▄▅▆▇█",IFERROR(1+ROUND(7*(J5-MIN($H5:$O5))/(MAX($H5:$O5)-MIN($H5:$O5)),0),4),1)&MID("▁▂▃▄▅▆▇█",IFERROR(1+ROUND(7*(K5-MIN($H5:$O5))/(MAX($H5:$O5)-MIN($H5:$O5)),0),4),1)&MID("▁▂▃▄▅▆▇█",IFERROR(1+ROUND(7*(L5-MIN($H5:$O5))/(MAX($H5:$O5)-MIN($H5:$O5)),0),4),1)&MID("▁▂▃▄▅▆▇█",IFERROR(1+ROUND(7*(M5-MIN($H5:$O5))/(MAX($H5:$O5)-MIN($H5:$O5)),0),4),1)&MID("▁▂▃▄▅▆▇█",IFERROR(1+ROUND(7*(N5-MIN($H5:$O5))/(MAX($H5:$O5)-MIN($H5:$O5)),0),4),1)&MID("▁▂▃▄▅▆▇█",IFERROR(1+ROUND(7*(O5-MIN($H5:$O5))/(MAX($H5:$O5)-MIN($H5:$O5)),0),4),1) | U5: Just under target after a strong prior week. | V5: =IF(R5="Off track",COUNTIF(R$5:R5,"Off track"),"") | W5: =IF(R5="Watch",COUNTIF(R$5:R5,"Watch"),"")
A6: Sales | B6: Orders | C6: Ecommerce Manager | D6: # | E6: 3300 | F6: Higher | G6: 0.05 | H6: 3190 | I6: 3240 | J6: 3105 | K6: 3230 | L6: 3390 | M6: 3310 | N6: 3480 | O6: 3412 | P6: =O6 | Q6: =IF(P6="","",IF(F6="Higher",P6-E6,E6-P6)) | R6: =IF(P6="","",IF(F6="Higher",IF(P6>=E6,"On track",IF(P6>=E6*(1-G6),"Watch","Off track")),IF(P6<=E6,"On track",IF(P6<=E6*(1+G6),"Watch","Off track")))) | S6: =IF(OR(N6="",O6=""),"",O6-N6) | T6: =MID("▁▂▃▄▅▆▇█",IFERROR(1+ROUND(7*(H6-MIN($H6:$O6))/(MAX($H6:$O6)-MIN($H6:$O6)),0),4),1)&MID("▁▂▃▄▅▆▇█",IFERROR(1+ROUND(7*(I6-MIN($H6:$O6))/(MAX($H6:$O6)-MIN($H6:$O6)),0),4),1)&MID("▁▂▃▄▅▆▇█",IFERROR(1+ROUND(7*(J6-MIN($H6:$O6))/(MAX($H6:$O6)-MIN($H6:$O6)),0),4),1)&MID("▁▂▃▄▅▆▇█",IFERROR(1+ROUND(7*(K6-MIN($H6:$O6))/(MAX($H6:$O6)-MIN($H6:$O6)),0),4),1)&MID("▁▂▃▄▅▆▇█",IFERROR(1+ROUND(7*(L6-MIN($H6:$O6))/(MAX($H6:$O6)-MIN($H6:$O6)),0),4),1)&MID("▁▂▃▄▅▆▇█",IFERROR(1+ROUND(7*(M6-MIN($H6:$O6))/(MAX($H6:$O6)-MIN($H6:$O6)),0),4),1)&MID("▁▂▃▄▅▆▇█",IFERROR(1+ROUND(7*(N6-MIN($H6:$O6))/(MAX($H6:$O6)-MIN($H6:$O6)),0),4),1)&MID("▁▂▃▄▅▆▇█",IFERROR(1+ROUND(7*(O6-MIN($H6:$O6))/(MAX($H6:$O6)-MIN($H6:$O6)),0),4),1) | V6: =IF(R6="Off track",COUNTIF(R$5:R6,"Off track"),"") | W6: =IF(R6="Watch",COUNTIF(R$5:R6,"Watch"),"")
A7: Sales | B7: Average order value | C7: Ecommerce Manager | D7: A$ | E7: 100 | F7: Higher | G7: 0.05 | H7: 97.93 | I7: 98.43 | J7: 98.29 | K7: 99.6 | L7: 98.76 | M7: 99.12 | N7: 98.25 | O7: 96.51 | P7: =O7 | Q7: =IF(P7="","",IF(F7="Higher",P7-E7,E7-P7)) | R7: =IF(P7="","",IF(F7="Higher",IF(P7>=E7,"On track",IF(P7>=E7*(1-G7),"Watch","Off track")),IF(P7<=E7,"On track",IF(P7<=E7*(1+G7),"Watch","Off track")))) | S7: =IF(OR(N7="",O7=""),"",O7-N7) | T7: =MID("▁▂▃▄▅▆▇█",IFERROR(1+ROUND(7*(H7-MIN($H7:$O7))/(MAX($H7:$O7)-MIN($H7:$O7)),0),4),1)&MID("▁▂▃▄▅▆▇█",IFERROR(1+ROUND(7*(I7-MIN($H7:$O7))/(MAX($H7:$O7)-MIN($H7:$O7)),0),4),1)&MID("▁▂▃▄▅▆▇█",IFERROR(1+ROUND(7*(J7-MIN($H7:$O7))/(MAX($H7:$O7)-MIN($H7:$O7)),0),4),1)&MID("▁▂▃▄▅▆▇█",IFERROR(1+ROUND(7*(K7-MIN($H7:$O7))/(MAX($H7:$O7)-MIN($H7:$O7)),0),4),1)&MID("▁▂▃▄▅▆▇█",IFERROR(1+ROUND(7*(L7-MIN($H7:$O7))/(MAX($H7:$O7)-MIN($H7:$O7)),0),4),1)&MID("▁▂▃▄▅▆▇█",IFERROR(1+ROUND(7*(M7-MIN($H7:$O7))/(MAX($H7:$O7)-MIN($H7:$O7)),0),4),1)&MID("▁▂▃▄▅▆▇█",IFERROR(1+ROUND(7*(N7-MIN($H7:$O7))/(MAX($H7:$O7)-MIN($H7:$O7)),0),4),1)&MID("▁▂▃▄▅▆▇█",IFERROR(1+ROUND(7*(O7-MIN($H7:$O7))/(MAX($H7:$O7)-MIN($H7:$O7)),0),4),1) | U7: Fewer bundle orders since the throw sale ended. Checking by collection. | V7: =IF(R7="Off track",COUNTIF(R$5:R7,"Off track"),"") | W7: =IF(R7="Watch",COUNTIF(R$5:R7,"Watch"),"")
A8: Sales | B8: Conversion rate | C8: Ecommerce Manager | D8: % | E8: 0.024 | F8: Higher | G8: 0.05 | H8: 0.0231 | I8: 0.0238 | J8: 0.0229 | K8: 0.0241 | L8: 0.0252 | M8: 0.0244 | N8: 0.0249 | O8: 0.0246 | P8: =O8 | Q8: =IF(P8="","",IF(F8="Higher",P8-E8,E8-P8)) | R8: =IF(P8="","",IF(F8="Higher",IF(P8>=E8,"On track",IF(P8>=E8*(1-G8),"Watch","Off track")),IF(P8<=E8,"On track",IF(P8<=E8*(1+G8),"Watch","Off track")))) | S8: =IF(OR(N8="",O8=""),"",O8-N8) | T8: =MID("▁▂▃▄▅▆▇█",IFERROR(1+ROUND(7*(H8-MIN($H8:$O8))/(MAX($H8:$O8)-MIN($H8:$O8)),0),4),1)&MID("▁▂▃▄▅▆▇█",IFERROR(1+ROUND(7*(I8-MIN($H8:$O8))/(MAX($H8:$O8)-MIN($H8:$O8)),0),4),1)&MID("▁▂▃▄▅▆▇█",IFERROR(1+ROUND(7*(J8-MIN($H8:$O8))/(MAX($H8:$O8)-MIN($H8:$O8)),0),4),1)&MID("▁▂▃▄▅▆▇█",IFERROR(1+ROUND(7*(K8-MIN($H8:$O8))/(MAX($H8:$O8)-MIN($H8:$O8)),0),4),1)&MID("▁▂▃▄▅▆▇█",IFERROR(1+ROUND(7*(L8-MIN($H8:$O8))/(MAX($H8:$O8)-MIN($H8:$O8)),0),4),1)&MID("▁▂▃▄▅▆▇█",IFERROR(1+ROUND(7*(M8-MIN($H8:$O8))/(MAX($H8:$O8)-MIN($H8:$O8)),0),4),1)&MID("▁▂▃▄▅▆▇█",IFERROR(1+ROUND(7*(N8-MIN($H8:$O8))/(MAX($H8:$O8)-MIN($H8:$O8)),0),4),1)&MID("▁▂▃▄▅▆▇█",IFERROR(1+ROUND(7*(O8-MIN($H8:$O8))/(MAX($H8:$O8)-MIN($H8:$O8)),0),4),1) | V8: =IF(R8="Off track",COUNTIF(R$5:R8,"Off track"),"") | W8: =IF(R8="Watch",COUNTIF(R$5:R8,"Watch"),"")
A9: Customer care | B9: Email first response | C9: Care Team Lead | D9: hrs | E9: 4 | F9: Lower | G9: 0.1 | H9: 3.6 | I9: 3.4 | J9: 3.9 | K9: 3.7 | L9: 4.2 | M9: 3.8 | N9: 4.6 | O9: 5.3 | P9: =O9 | Q9: =IF(P9="","",IF(F9="Higher",P9-E9,E9-P9)) | R9: =IF(P9="","",IF(F9="Higher",IF(P9>=E9,"On track",IF(P9>=E9*(1-G9),"Watch","Off track")),IF(P9<=E9,"On track",IF(P9<=E9*(1+G9),"Watch","Off track")))) | S9: =IF(OR(N9="",O9=""),"",O9-N9) | T9: =MID("▁▂▃▄▅▆▇█",IFERROR(1+ROUND(7*(H9-MIN($H9:$O9))/(MAX($H9:$O9)-MIN($H9:$O9)),0),4),1)&MID("▁▂▃▄▅▆▇█",IFERROR(1+ROUND(7*(I9-MIN($H9:$O9))/(MAX($H9:$O9)-MIN($H9:$O9)),0),4),1)&MID("▁▂▃▄▅▆▇█",IFERROR(1+ROUND(7*(J9-MIN($H9:$O9))/(MAX($H9:$O9)-MIN($H9:$O9)),0),4),1)&MID("▁▂▃▄▅▆▇█",IFERROR(1+ROUND(7*(K9-MIN($H9:$O9))/(MAX($H9:$O9)-MIN($H9:$O9)),0),4),1)&MID("▁▂▃▄▅▆▇█",IFERROR(1+ROUND(7*(L9-MIN($H9:$O9))/(MAX($H9:$O9)-MIN($H9:$O9)),0),4),1)&MID("▁▂▃▄▅▆▇█",IFERROR(1+ROUND(7*(M9-MIN($H9:$O9))/(MAX($H9:$O9)-MIN($H9:$O9)),0),4),1)&MID("▁▂▃▄▅▆▇█",IFERROR(1+ROUND(7*(N9-MIN($H9:$O9))/(MAX($H9:$O9)-MIN($H9:$O9)),0),4),1)&MID("▁▂▃▄▅▆▇█",IFERROR(1+ROUND(7*(O9-MIN($H9:$O9))/(MAX($H9:$O9)-MIN($H9:$O9)),0),4),1) | U9: Two agents on leave. One Manila agent moved from chat to email for 2 weeks. | V9: =IF(R9="Off track",COUNTIF(R$5:R9,"Off track"),"") | W9: =IF(R9="Watch",COUNTIF(R$5:R9,"Watch"),"")
A10: Customer care | B10: CSAT | C10: Care Team Lead | D10: % | E10: 0.9 | F10: Higher | G10: 0.03 | H10: 0.912 | I10: 0.908 | J10: 0.921 | K10: 0.904 | L10: 0.897 | M10: 0.909 | N10: 0.886 | O10: 0.879 | P10: =O10 | Q10: =IF(P10="","",IF(F10="Higher",P10-E10,E10-P10)) | R10: =IF(P10="","",IF(F10="Higher",IF(P10>=E10,"On track",IF(P10>=E10*(1-G10),"Watch","Off track")),IF(P10<=E10,"On track",IF(P10<=E10*(1+G10),"Watch","Off track")))) | S10: =IF(OR(N10="",O10=""),"",O10-N10) | T10: =MID("▁▂▃▄▅▆▇█",IFERROR(1+ROUND(7*(H10-MIN($H10:$O10))/(MAX($H10:$O10)-MIN($H10:$O10)),0),4),1)&MID("▁▂▃▄▅▆▇█",IFERROR(1+ROUND(7*(I10-MIN($H10:$O10))/(MAX($H10:$O10)-MIN($H10:$O10)),0),4),1)&MID("▁▂▃▄▅▆▇█",IFERROR(1+ROUND(7*(J10-MIN($H10:$O10))/(MAX($H10:$O10)-MIN($H10:$O10)),0),4),1)&MID("▁▂▃▄▅▆▇█",IFERROR(1+ROUND(7*(K10-MIN($H10:$O10))/(MAX($H10:$O10)-MIN($H10:$O10)),0),4),1)&MID("▁▂▃▄▅▆▇█",IFERROR(1+ROUND(7*(L10-MIN($H10:$O10))/(MAX($H10:$O10)-MIN($H10:$O10)),0),4),1)&MID("▁▂▃▄▅▆▇█",IFERROR(1+ROUND(7*(M10-MIN($H10:$O10))/(MAX($H10:$O10)-MIN($H10:$O10)),0),4),1)&MID("▁▂▃▄▅▆▇█",IFERROR(1+ROUND(7*(N10-MIN($H10:$O10))/(MAX($H10:$O10)-MIN($H10:$O10)),0),4),1)&MID("▁▂▃▄▅▆▇█",IFERROR(1+ROUND(7*(O10-MIN($H10:$O10))/(MAX($H10:$O10)-MIN($H10:$O10)),0),4),1) | U10: Low scores mention slow email replies. | V10: =IF(R10="Off track",COUNTIF(R$5:R10,"Off track"),"") | W10: =IF(R10="Watch",COUNTIF(R$5:R10,"Watch"),"")
A11: Customer care | B11: Contact rate (tickets per order) | C11: Care Team Lead | D11: % | E11: 0.12 | F11: Lower | G11: 0.05 | H11: 0.114 | I11: 0.111 | J11: 0.119 | K11: 0.116 | L11: 0.123 | M11: 0.118 | N11: 0.129 | O11: 0.134 | P11: =O11 | Q11: =IF(P11="","",IF(F11="Higher",P11-E11,E11-P11)) | R11: =IF(P11="","",IF(F11="Higher",IF(P11>=E11,"On track",IF(P11>=E11*(1-G11),"Watch","Off track")),IF(P11<=E11,"On track",IF(P11<=E11*(1+G11),"Watch","Off track")))) | S11: =IF(OR(N11="",O11=""),"",O11-N11) | T11: =MID("▁▂▃▄▅▆▇█",IFERROR(1+ROUND(7*(H11-MIN($H11:$O11))/(MAX($H11:$O11)-MIN($H11:$O11)),0),4),1)&MID("▁▂▃▄▅▆▇█",IFERROR(1+ROUND(7*(I11-MIN($H11:$O11))/(MAX($H11:$O11)-MIN($H11:$O11)),0),4),1)&MID("▁▂▃▄▅▆▇█",IFERROR(1+ROUND(7*(J11-MIN($H11:$O11))/(MAX($H11:$O11)-MIN($H11:$O11)),0),4),1)&MID("▁▂▃▄▅▆▇█",IFERROR(1+ROUND(7*(K11-MIN($H11:$O11))/(MAX($H11:$O11)-MIN($H11:$O11)),0),4),1)&MID("▁▂▃▄▅▆▇█",IFERROR(1+ROUND(7*(L11-MIN($H11:$O11))/(MAX($H11:$O11)-MIN($H11:$O11)),0),4),1)&MID("▁▂▃▄▅▆▇█",IFERROR(1+ROUND(7*(M11-MIN($H11:$O11))/(MAX($H11:$O11)-MIN($H11:$O11)),0),4),1)&MID("▁▂▃▄▅▆▇█",IFERROR(1+ROUND(7*(N11-MIN($H11:$O11))/(MAX($H11:$O11)-MIN($H11:$O11)),0),4),1)&MID("▁▂▃▄▅▆▇█",IFERROR(1+ROUND(7*(O11-MIN($H11:$O11))/(MAX($H11:$O11)-MIN($H11:$O11)),0),4),1) | U11: Where-is-my-order tickets up after the missed courier pickup. | V11: =IF(R11="Off track",COUNTIF(R$5:R11,"Off track"),"") | W11: =IF(R11="Watch",COUNTIF(R$5:R11,"Watch"),"")
A12: Customer care | B12: QA score | C12: Care Team Lead | D12: % | E12: 0.92 | F12: Higher | G12: 0.03 | H12: 0.931 | I12: 0.924 | J12: 0.938 | K12: 0.94 | L12: 0.929 | M12: 0.935 | N12: 0.922 | O12: 0.93 | P12: =O12 | Q12: =IF(P12="","",IF(F12="Higher",P12-E12,E12-P12)) | R12: =IF(P12="","",IF(F12="Higher",IF(P12>=E12,"On track",IF(P12>=E12*(1-G12),"Watch","Off track")),IF(P12<=E12,"On track",IF(P12<=E12*(1+G12),"Watch","Off track")))) | S12: =IF(OR(N12="",O12=""),"",O12-N12) | T12: =MID("▁▂▃▄▅▆▇█",IFERROR(1+ROUND(7*(H12-MIN($H12:$O12))/(MAX($H12:$O12)-MIN($H12:$O12)),0),4),1)&MID("▁▂▃▄▅▆▇█",IFERROR(1+ROUND(7*(I12-MIN($H12:$O12))/(MAX($H12:$O12)-MIN($H12:$O12)),0),4),1)&MID("▁▂▃▄▅▆▇█",IFERROR(1+ROUND(7*(J12-MIN($H12:$O12))/(MAX($H12:$O12)-MIN($H12:$O12)),0),4),1)&MID("▁▂▃▄▅▆▇█",IFERROR(1+ROUND(7*(K12-MIN($H12:$O12))/(MAX($H12:$O12)-MIN($H12:$O12)),0),4),1)&MID("▁▂▃▄▅▆▇█",IFERROR(1+ROUND(7*(L12-MIN($H12:$O12))/(MAX($H12:$O12)-MIN($H12:$O12)),0),4),1)&MID("▁▂▃▄▅▆▇█",IFERROR(1+ROUND(7*(M12-MIN($H12:$O12))/(MAX($H12:$O12)-MIN($H12:$O12)),0),4),1)&MID("▁▂▃▄▅▆▇█",IFERROR(1+ROUND(7*(N12-MIN($H12:$O12))/(MAX($H12:$O12)-MIN($H12:$O12)),0),4),1)&MID("▁▂▃▄▅▆▇█",IFERROR(1+ROUND(7*(O12-MIN($H12:$O12))/(MAX($H12:$O12)-MIN($H12:$O12)),0),4),1) | V12: =IF(R12="Off track",COUNTIF(R$5:R12,"Off track"),"") | W12: =IF(R12="Watch",COUNTIF(R$5:R12,"Watch"),"")
A13: Fulfilment | B13: Dispatched within 24h | C13: Fulfilment Coordinator | D13: % | E13: 0.95 | F13: Higher | G13: 0.02 | H13: 0.961 | I13: 0.958 | J13: 0.964 | K13: 0.952 | L13: 0.946 | M13: 0.959 | N13: 0.953 | O13: 0.91 | P13: =O13 | Q13: =IF(P13="","",IF(F13="Higher",P13-E13,E13-P13)) | R13: =IF(P13="","",IF(F13="Higher",IF(P13>=E13,"On track",IF(P13>=E13*(1-G13),"Watch","Off track")),IF(P13<=E13,"On track",IF(P13<=E13*(1+G13),"Watch","Off track")))) | S13: =IF(OR(N13="",O13=""),"",O13-N13) | T13: =MID("▁▂▃▄▅▆▇█",IFERROR(1+ROUND(7*(H13-MIN($H13:$O13))/(MAX($H13:$O13)-MIN($H13:$O13)),0),4),1)&MID("▁▂▃▄▅▆▇█",IFERROR(1+ROUND(7*(I13-MIN($H13:$O13))/(MAX($H13:$O13)-MIN($H13:$O13)),0),4),1)&MID("▁▂▃▄▅▆▇█",IFERROR(1+ROUND(7*(J13-MIN($H13:$O13))/(MAX($H13:$O13)-MIN($H13:$O13)),0),4),1)&MID("▁▂▃▄▅▆▇█",IFERROR(1+ROUND(7*(K13-MIN($H13:$O13))/(MAX($H13:$O13)-MIN($H13:$O13)),0),4),1)&MID("▁▂▃▄▅▆▇█",IFERROR(1+ROUND(7*(L13-MIN($H13:$O13))/(MAX($H13:$O13)-MIN($H13:$O13)),0),4),1)&MID("▁▂▃▄▅▆▇█",IFERROR(1+ROUND(7*(M13-MIN($H13:$O13))/(MAX($H13:$O13)-MIN($H13:$O13)),0),4),1)&MID("▁▂▃▄▅▆▇█",IFERROR(1+ROUND(7*(N13-MIN($H13:$O13))/(MAX($H13:$O13)-MIN($H13:$O13)),0),4),1)&MID("▁▂▃▄▅▆▇█",IFERROR(1+ROUND(7*(O13-MIN($H13:$O13))/(MAX($H13:$O13)-MIN($H13:$O13)),0),4),1) | U13: Courier missed Thursday pickup. Backup pickup slot requested. | V13: =IF(R13="Off track",COUNTIF(R$5:R13,"Off track"),"") | W13: =IF(R13="Watch",COUNTIF(R$5:R13,"Watch"),"")
A14: Fulfilment | B14: Order accuracy | C14: Fulfilment Coordinator | D14: % | E14: 0.995 | F14: Higher | G14: 0.003 | H14: 0.996 | I14: 0.997 | J14: 0.995 | K14: 0.996 | L14: 0.994 | M14: 0.997 | N14: 0.996 | O14: 0.996 | P14: =O14 | Q14: =IF(P14="","",IF(F14="Higher",P14-E14,E14-P14)) | R14: =IF(P14="","",IF(F14="Higher",IF(P14>=E14,"On track",IF(P14>=E14*(1-G14),"Watch","Off track")),IF(P14<=E14,"On track",IF(P14<=E14*(1+G14),"Watch","Off track")))) | S14: =IF(OR(N14="",O14=""),"",O14-N14) | T14: =MID("▁▂▃▄▅▆▇█",IFERROR(1+ROUND(7*(H14-MIN($H14:$O14))/(MAX($H14:$O14)-MIN($H14:$O14)),0),4),1)&MID("▁▂▃▄▅▆▇█",IFERROR(1+ROUND(7*(I14-MIN($H14:$O14))/(MAX($H14:$O14)-MIN($H14:$O14)),0),4),1)&MID("▁▂▃▄▅▆▇█",IFERROR(1+ROUND(7*(J14-MIN($H14:$O14))/(MAX($H14:$O14)-MIN($H14:$O14)),0),4),1)&MID("▁▂▃▄▅▆▇█",IFERROR(1+ROUND(7*(K14-MIN($H14:$O14))/(MAX($H14:$O14)-MIN($H14:$O14)),0),4),1)&MID("▁▂▃▄▅▆▇█",IFERROR(1+ROUND(7*(L14-MIN($H14:$O14))/(MAX($H14:$O14)-MIN($H14:$O14)),0),4),1)&MID("▁▂▃▄▅▆▇█",IFERROR(1+ROUND(7*(M14-MIN($H14:$O14))/(MAX($H14:$O14)-MIN($H14:$O14)),0),4),1)&MID("▁▂▃▄▅▆▇█",IFERROR(1+ROUND(7*(N14-MIN($H14:$O14))/(MAX($H14:$O14)-MIN($H14:$O14)),0),4),1)&MID("▁▂▃▄▅▆▇█",IFERROR(1+ROUND(7*(O14-MIN($H14:$O14))/(MAX($H14:$O14)-MIN($H14:$O14)),0),4),1) | V14: =IF(R14="Off track",COUNTIF(R$5:R14,"Off track"),"") | W14: =IF(R14="Watch",COUNTIF(R$5:R14,"Watch"),"")
A15: Fulfilment | B15: Damaged in transit | C15: Fulfilment Coordinator | D15: % | E15: 0.008 | F15: Lower | G15: 0.1 | H15: 0.0072 | I15: 0.0068 | J15: 0.0081 | K15: 0.0075 | L15: 0.009 | M15: 0.0077 | N15: 0.0084 | O15: 0.0083 | P15: =O15 | Q15: =IF(P15="","",IF(F15="Higher",P15-E15,E15-P15)) | R15: =IF(P15="","",IF(F15="Higher",IF(P15>=E15,"On track",IF(P15>=E15*(1-G15),"Watch","Off track")),IF(P15<=E15,"On track",IF(P15<=E15*(1+G15),"Watch","Off track")))) | S15: =IF(OR(N15="",O15=""),"",O15-N15) | T15: =MID("▁▂▃▄▅▆▇█",IFERROR(1+ROUND(7*(H15-MIN($H15:$O15))/(MAX($H15:$O15)-MIN($H15:$O15)),0),4),1)&MID("▁▂▃▄▅▆▇█",IFERROR(1+ROUND(7*(I15-MIN($H15:$O15))/(MAX($H15:$O15)-MIN($H15:$O15)),0),4),1)&MID("▁▂▃▄▅▆▇█",IFERROR(1+ROUND(7*(J15-MIN($H15:$O15))/(MAX($H15:$O15)-MIN($H15:$O15)),0),4),1)&MID("▁▂▃▄▅▆▇█",IFERROR(1+ROUND(7*(K15-MIN($H15:$O15))/(MAX($H15:$O15)-MIN($H15:$O15)),0),4),1)&MID("▁▂▃▄▅▆▇█",IFERROR(1+ROUND(7*(L15-MIN($H15:$O15))/(MAX($H15:$O15)-MIN($H15:$O15)),0),4),1)&MID("▁▂▃▄▅▆▇█",IFERROR(1+ROUND(7*(M15-MIN($H15:$O15))/(MAX($H15:$O15)-MIN($H15:$O15)),0),4),1)&MID("▁▂▃▄▅▆▇█",IFERROR(1+ROUND(7*(N15-MIN($H15:$O15))/(MAX($H15:$O15)-MIN($H15:$O15)),0),4),1)&MID("▁▂▃▄▅▆▇█",IFERROR(1+ROUND(7*(O15-MIN($H15:$O15))/(MAX($H15:$O15)-MIN($H15:$O15)),0),4),1) | U15: Watching VIC since the courier change on 1 Sep. | V15: =IF(R15="Off track",COUNTIF(R$5:R15,"Off track"),"") | W15: =IF(R15="Watch",COUNTIF(R$5:R15,"Watch"),"")
A16: Fulfilment | B16: Cost per order shipped | C16: Fulfilment Coordinator | D16: A$ | E16: 11.5 | F16: Lower | G16: 0.05 | H16: 11.2 | I16: 11.35 | J16: 11.1 | K16: 11.42 | L16: 11.65 | M16: 11.38 | N16: 11.51 | O16: 11.44 | P16: =O16 | Q16: =IF(P16="","",IF(F16="Higher",P16-E16,E16-P16)) | R16: =IF(P16="","",IF(F16="Higher",IF(P16>=E16,"On track",IF(P16>=E16*(1-G16),"Watch","Off track")),IF(P16<=E16,"On track",IF(P16<=E16*(1+G16),"Watch","Off track")))) | S16: =IF(OR(N16="",O16=""),"",O16-N16) | T16: =MID("▁▂▃▄▅▆▇█",IFERROR(1+ROUND(7*(H16-MIN($H16:$O16))/(MAX($H16:$O16)-MIN($H16:$O16)),0),4),1)&MID("▁▂▃▄▅▆▇█",IFERROR(1+ROUND(7*(I16-MIN($H16:$O16))/(MAX($H16:$O16)-MIN($H16:$O16)),0),4),1)&MID("▁▂▃▄▅▆▇█",IFERROR(1+ROUND(7*(J16-MIN($H16:$O16))/(MAX($H16:$O16)-MIN($H16:$O16)),0),4),1)&MID("▁▂▃▄▅▆▇█",IFERROR(1+ROUND(7*(K16-MIN($H16:$O16))/(MAX($H16:$O16)-MIN($H16:$O16)),0),4),1)&MID("▁▂▃▄▅▆▇█",IFERROR(1+ROUND(7*(L16-MIN($H16:$O16))/(MAX($H16:$O16)-MIN($H16:$O16)),0),4),1)&MID("▁▂▃▄▅▆▇█",IFERROR(1+ROUND(7*(M16-MIN($H16:$O16))/(MAX($H16:$O16)-MIN($H16:$O16)),0),4),1)&MID("▁▂▃▄▅▆▇█",IFERROR(1+ROUND(7*(N16-MIN($H16:$O16))/(MAX($H16:$O16)-MIN($H16:$O16)),0),4),1)&MID("▁▂▃▄▅▆▇█",IFERROR(1+ROUND(7*(O16-MIN($H16:$O16))/(MAX($H16:$O16)-MIN($H16:$O16)),0),4),1) | V16: =IF(R16="Off track",COUNTIF(R$5:R16,"Off track"),"") | W16: =IF(R16="Watch",COUNTIF(R$5:R16,"Watch"),"")
A17: Marketing | B17: Return on ad spend | C17: Marketing Lead | D17: x | E17: 4 | F17: Higher | G17: 0.05 | H17: 4.3 | I17: 4.1 | J17: 3.8 | K17: 4.2 | L17: 4.6 | M17: 4.4 | N17: 4.9 | O17: 4.5 | P17: =O17 | Q17: =IF(P17="","",IF(F17="Higher",P17-E17,E17-P17)) | R17: =IF(P17="","",IF(F17="Higher",IF(P17>=E17,"On track",IF(P17>=E17*(1-G17),"Watch","Off track")),IF(P17<=E17,"On track",IF(P17<=E17*(1+G17),"Watch","Off track")))) | S17: =IF(OR(N17="",O17=""),"",O17-N17) | T17: =MID("▁▂▃▄▅▆▇█",IFERROR(1+ROUND(7*(H17-MIN($H17:$O17))/(MAX($H17:$O17)-MIN($H17:$O17)),0),4),1)&MID("▁▂▃▄▅▆▇█",IFERROR(1+ROUND(7*(I17-MIN($H17:$O17))/(MAX($H17:$O17)-MIN($H17:$O17)),0),4),1)&MID("▁▂▃▄▅▆▇█",IFERROR(1+ROUND(7*(J17-MIN($H17:$O17))/(MAX($H17:$O17)-MIN($H17:$O17)),0),4),1)&MID("▁▂▃▄▅▆▇█",IFERROR(1+ROUND(7*(K17-MIN($H17:$O17))/(MAX($H17:$O17)-MIN($H17:$O17)),0),4),1)&MID("▁▂▃▄▅▆▇█",IFERROR(1+ROUND(7*(L17-MIN($H17:$O17))/(MAX($H17:$O17)-MIN($H17:$O17)),0),4),1)&MID("▁▂▃▄▅▆▇█",IFERROR(1+ROUND(7*(M17-MIN($H17:$O17))/(MAX($H17:$O17)-MIN($H17:$O17)),0),4),1)&MID("▁▂▃▄▅▆▇█",IFERROR(1+ROUND(7*(N17-MIN($H17:$O17))/(MAX($H17:$O17)-MIN($H17:$O17)),0),4),1)&MID("▁▂▃▄▅▆▇█",IFERROR(1+ROUND(7*(O17-MIN($H17:$O17))/(MAX($H17:$O17)-MIN($H17:$O17)),0),4),1) | V17: =IF(R17="Off track",COUNTIF(R$5:R17,"Off track"),"") | W17: =IF(R17="Watch",COUNTIF(R$5:R17,"Watch"),"")
A18: Marketing | B18: New customers | C18: Marketing Lead | D18: # | E18: 1200 | F18: Higher | G18: 0.05 | H18: 1105 | I18: 1162 | J18: 1048 | K18: 1190 | L18: 1311 | M18: 1224 | N18: 1356 | O18: 1268 | P18: =O18 | Q18: =IF(P18="","",IF(F18="Higher",P18-E18,E18-P18)) | R18: =IF(P18="","",IF(F18="Higher",IF(P18>=E18,"On track",IF(P18>=E18*(1-G18),"Watch","Off track")),IF(P18<=E18,"On track",IF(P18<=E18*(1+G18),"Watch","Off track")))) | S18: =IF(OR(N18="",O18=""),"",O18-N18) | T18: =MID("▁▂▃▄▅▆▇█",IFERROR(1+ROUND(7*(H18-MIN($H18:$O18))/(MAX($H18:$O18)-MIN($H18:$O18)),0),4),1)&MID("▁▂▃▄▅▆▇█",IFERROR(1+ROUND(7*(I18-MIN($H18:$O18))/(MAX($H18:$O18)-MIN($H18:$O18)),0),4),1)&MID("▁▂▃▄▅▆▇█",IFERROR(1+ROUND(7*(J18-MIN($H18:$O18))/(MAX($H18:$O18)-MIN($H18:$O18)),0),4),1)&MID("▁▂▃▄▅▆▇█",IFERROR(1+ROUND(7*(K18-MIN($H18:$O18))/(MAX($H18:$O18)-MIN($H18:$O18)),0),4),1)&MID("▁▂▃▄▅▆▇█",IFERROR(1+ROUND(7*(L18-MIN($H18:$O18))/(MAX($H18:$O18)-MIN($H18:$O18)),0),4),1)&MID("▁▂▃▄▅▆▇█",IFERROR(1+ROUND(7*(M18-MIN($H18:$O18))/(MAX($H18:$O18)-MIN($H18:$O18)),0),4),1)&MID("▁▂▃▄▅▆▇█",IFERROR(1+ROUND(7*(N18-MIN($H18:$O18))/(MAX($H18:$O18)-MIN($H18:$O18)),0),4),1)&MID("▁▂▃▄▅▆▇█",IFERROR(1+ROUND(7*(O18-MIN($H18:$O18))/(MAX($H18:$O18)-MIN($H18:$O18)),0),4),1) | V18: =IF(R18="Off track",COUNTIF(R$5:R18,"Off track"),"") | W18: =IF(R18="Watch",COUNTIF(R$5:R18,"Watch"),"")
A19: Marketing | B19: Cost per new customer | C19: Marketing Lead | D19: A$ | E19: 38 | F19: Lower | G19: 0.05 | H19: 39.8 | I19: 38.2 | J19: 41.5 | K19: 37.9 | L19: 35.6 | M19: 36.8 | N19: 34.9 | O19: 36.2 | P19: =O19 | Q19: =IF(P19="","",IF(F19="Higher",P19-E19,E19-P19)) | R19: =IF(P19="","",IF(F19="Higher",IF(P19>=E19,"On track",IF(P19>=E19*(1-G19),"Watch","Off track")),IF(P19<=E19,"On track",IF(P19<=E19*(1+G19),"Watch","Off track")))) | S19: =IF(OR(N19="",O19=""),"",O19-N19) | T19: =MID("▁▂▃▄▅▆▇█",IFERROR(1+ROUND(7*(H19-MIN($H19:$O19))/(MAX($H19:$O19)-MIN($H19:$O19)),0),4),1)&MID("▁▂▃▄▅▆▇█",IFERROR(1+ROUND(7*(I19-MIN($H19:$O19))/(MAX($H19:$O19)-MIN($H19:$O19)),0),4),1)&MID("▁▂▃▄▅▆▇█",IFERROR(1+ROUND(7*(J19-MIN($H19:$O19))/(MAX($H19:$O19)-MIN($H19:$O19)),0),4),1)&MID("▁▂▃▄▅▆▇█",IFERROR(1+ROUND(7*(K19-MIN($H19:$O19))/(MAX($H19:$O19)-MIN($H19:$O19)),0),4),1)&MID("▁▂▃▄▅▆▇█",IFERROR(1+ROUND(7*(L19-MIN($H19:$O19))/(MAX($H19:$O19)-MIN($H19:$O19)),0),4),1)&MID("▁▂▃▄▅▆▇█",IFERROR(1+ROUND(7*(M19-MIN($H19:$O19))/(MAX($H19:$O19)-MIN($H19:$O19)),0),4),1)&MID("▁▂▃▄▅▆▇█",IFERROR(1+ROUND(7*(N19-MIN($H19:$O19))/(MAX($H19:$O19)-MIN($H19:$O19)),0),4),1)&MID("▁▂▃▄▅▆▇█",IFERROR(1+ROUND(7*(O19-MIN($H19:$O19))/(MAX($H19:$O19)-MIN($H19:$O19)),0),4),1) | V19: =IF(R19="Off track",COUNTIF(R$5:R19,"Off track"),"") | W19: =IF(R19="Watch",COUNTIF(R$5:R19,"Watch"),"")
A20: Marketing | B20: Email share of revenue | C20: Marketing Lead | D20: % | E20: 0.22 | F20: Higher | G20: 0.05 | H20: 0.214 | I20: 0.228 | J20: 0.209 | K20: 0.231 | L20: 0.196 | M20: 0.224 | N20: 0.187 | O20: 0.205 | P20: =O20 | Q20: =IF(P20="","",IF(F20="Higher",P20-E20,E20-P20)) | R20: =IF(P20="","",IF(F20="Higher",IF(P20>=E20,"On track",IF(P20>=E20*(1-G20),"Watch","Off track")),IF(P20<=E20,"On track",IF(P20<=E20*(1+G20),"Watch","Off track")))) | S20: =IF(OR(N20="",O20=""),"",O20-N20) | T20: =MID("▁▂▃▄▅▆▇█",IFERROR(1+ROUND(7*(H20-MIN($H20:$O20))/(MAX($H20:$O20)-MIN($H20:$O20)),0),4),1)&MID("▁▂▃▄▅▆▇█",IFERROR(1+ROUND(7*(I20-MIN($H20:$O20))/(MAX($H20:$O20)-MIN($H20:$O20)),0),4),1)&MID("▁▂▃▄▅▆▇█",IFERROR(1+ROUND(7*(J20-MIN($H20:$O20))/(MAX($H20:$O20)-MIN($H20:$O20)),0),4),1)&MID("▁▂▃▄▅▆▇█",IFERROR(1+ROUND(7*(K20-MIN($H20:$O20))/(MAX($H20:$O20)-MIN($H20:$O20)),0),4),1)&MID("▁▂▃▄▅▆▇█",IFERROR(1+ROUND(7*(L20-MIN($H20:$O20))/(MAX($H20:$O20)-MIN($H20:$O20)),0),4),1)&MID("▁▂▃▄▅▆▇█",IFERROR(1+ROUND(7*(M20-MIN($H20:$O20))/(MAX($H20:$O20)-MIN($H20:$O20)),0),4),1)&MID("▁▂▃▄▅▆▇█",IFERROR(1+ROUND(7*(N20-MIN($H20:$O20))/(MAX($H20:$O20)-MIN($H20:$O20)),0),4),1)&MID("▁▂▃▄▅▆▇█",IFERROR(1+ROUND(7*(O20-MIN($H20:$O20))/(MAX($H20:$O20)-MIN($H20:$O20)),0),4),1) | U20: Only one campaign sent this week. Two planned for next week. | V20: =IF(R20="Off track",COUNTIF(R$5:R20,"Off track"),"") | W20: =IF(R20="Watch",COUNTIF(R$5:R20,"Watch"),"")

Sheet Summary
A1: Scorecard summary
A2: Week ending | B2: =Scorecard!C2
A4: Function | B4: KPIs | C4: On track | D4: Watch | E4: Off track | F4: % on track
A5: Sales | B5: =COUNTIF(Scorecard!$A$5:$A$20,$A5) | C5: =COUNTIFS(Scorecard!$A$5:$A$20,$A5,Scorecard!$R$5:$R$20,C$4) | D5: =COUNTIFS(Scorecard!$A$5:$A$20,$A5,Scorecard!$R$5:$R$20,D$4) | E5: =COUNTIFS(Scorecard!$A$5:$A$20,$A5,Scorecard!$R$5:$R$20,E$4) | F5: =IF(B5=0,"",C5/B5)
A6: Customer care | B6: =COUNTIF(Scorecard!$A$5:$A$20,$A6) | C6: =COUNTIFS(Scorecard!$A$5:$A$20,$A6,Scorecard!$R$5:$R$20,C$4) | D6: =COUNTIFS(Scorecard!$A$5:$A$20,$A6,Scorecard!$R$5:$R$20,D$4) | E6: =COUNTIFS(Scorecard!$A$5:$A$20,$A6,Scorecard!$R$5:$R$20,E$4) | F6: =IF(B6=0,"",C6/B6)
A7: Fulfilment | B7: =COUNTIF(Scorecard!$A$5:$A$20,$A7) | C7: =COUNTIFS(Scorecard!$A$5:$A$20,$A7,Scorecard!$R$5:$R$20,C$4) | D7: =COUNTIFS(Scorecard!$A$5:$A$20,$A7,Scorecard!$R$5:$R$20,D$4) | E7: =COUNTIFS(Scorecard!$A$5:$A$20,$A7,Scorecard!$R$5:$R$20,E$4) | F7: =IF(B7=0,"",C7/B7)
A8: Marketing | B8: =COUNTIF(Scorecard!$A$5:$A$20,$A8) | C8: =COUNTIFS(Scorecard!$A$5:$A$20,$A8,Scorecard!$R$5:$R$20,C$4) | D8: =COUNTIFS(Scorecard!$A$5:$A$20,$A8,Scorecard!$R$5:$R$20,D$4) | E8: =COUNTIFS(Scorecard!$A$5:$A$20,$A8,Scorecard!$R$5:$R$20,E$4) | F8: =IF(B8=0,"",C8/B8)
A9: All KPIs | B9: =SUM(B5:B8) | C9: =SUM(C5:C8) | D9: =SUM(D5:D8) | E9: =SUM(E5:E8) | F9: =IF(B9=0,"",C9/B9)
A12: Off track this week
A13: # | B13: Function | C13: KPI | D13: Owner | E13: Comment
A14: 1 | B14: =IFERROR(INDEX(Scorecard!$A$5:$A$20,MATCH(1,Scorecard!$V$5:$V$20,0))&"","") | C14: =IFERROR(INDEX(Scorecard!$B$5:$B$20,MATCH(1,Scorecard!$V$5:$V$20,0))&"","") | D14: =IFERROR(INDEX(Scorecard!$C$5:$C$20,MATCH(1,Scorecard!$V$5:$V$20,0))&"","") | E14: =IFERROR(INDEX(Scorecard!$U$5:$U$20,MATCH(1,Scorecard!$V$5:$V$20,0))&"","")
A15: 2 | B15: =IFERROR(INDEX(Scorecard!$A$5:$A$20,MATCH(2,Scorecard!$V$5:$V$20,0))&"","") | C15: =IFERROR(INDEX(Scorecard!$B$5:$B$20,MATCH(2,Scorecard!$V$5:$V$20,0))&"","") | D15: =IFERROR(INDEX(Scorecard!$C$5:$C$20,MATCH(2,Scorecard!$V$5:$V$20,0))&"","") | E15: =IFERROR(INDEX(Scorecard!$U$5:$U$20,MATCH(2,Scorecard!$V$5:$V$20,0))&"","")
A16: 3 | B16: =IFERROR(INDEX(Scorecard!$A$5:$A$20,MATCH(3,Scorecard!$V$5:$V$20,0))&"","") | C16: =IFERROR(INDEX(Scorecard!$B$5:$B$20,MATCH(3,Scorecard!$V$5:$V$20,0))&"","") | D16: =IFERROR(INDEX(Scorecard!$C$5:$C$20,MATCH(3,Scorecard!$V$5:$V$20,0))&"","") | E16: =IFERROR(INDEX(Scorecard!$U$5:$U$20,MATCH(3,Scorecard!$V$5:$V$20,0))&"","")
A17: 4 | B17: =IFERROR(INDEX(Scorecard!$A$5:$A$20,MATCH(4,Scorecard!$V$5:$V$20,0))&"","") | C17: =IFERROR(INDEX(Scorecard!$B$5:$B$20,MATCH(4,Scorecard!$V$5:$V$20,0))&"","") | D17: =IFERROR(INDEX(Scorecard!$C$5:$C$20,MATCH(4,Scorecard!$V$5:$V$20,0))&"","") | E17: =IFERROR(INDEX(Scorecard!$U$5:$U$20,MATCH(4,Scorecard!$V$5:$V$20,0))&"","")
A18: 5 | B18: =IFERROR(INDEX(Scorecard!$A$5:$A$20,MATCH(5,Scorecard!$V$5:$V$20,0))&"","") | C18: =IFERROR(INDEX(Scorecard!$B$5:$B$20,MATCH(5,Scorecard!$V$5:$V$20,0))&"","") | D18: =IFERROR(INDEX(Scorecard!$C$5:$C$20,MATCH(5,Scorecard!$V$5:$V$20,0))&"","") | E18: =IFERROR(INDEX(Scorecard!$U$5:$U$20,MATCH(5,Scorecard!$V$5:$V$20,0))&"","")
A19: 6 | B19: =IFERROR(INDEX(Scorecard!$A$5:$A$20,MATCH(6,Scorecard!$V$5:$V$20,0))&"","") | C19: =IFERROR(INDEX(Scorecard!$B$5:$B$20,MATCH(6,Scorecard!$V$5:$V$20,0))&"","") | D19: =IFERROR(INDEX(Scorecard!$C$5:$C$20,MATCH(6,Scorecard!$V$5:$V$20,0))&"","") | E19: =IFERROR(INDEX(Scorecard!$U$5:$U$20,MATCH(6,Scorecard!$V$5:$V$20,0))&"","")
A20: 7 | B20: =IFERROR(INDEX(Scorecard!$A$5:$A$20,MATCH(7,Scorecard!$V$5:$V$20,0))&"","") | C20: =IFERROR(INDEX(Scorecard!$B$5:$B$20,MATCH(7,Scorecard!$V$5:$V$20,0))&"","") | D20: =IFERROR(INDEX(Scorecard!$C$5:$C$20,MATCH(7,Scorecard!$V$5:$V$20,0))&"","") | E20: =IFERROR(INDEX(Scorecard!$U$5:$U$20,MATCH(7,Scorecard!$V$5:$V$20,0))&"","")
A21: 8 | B21: =IFERROR(INDEX(Scorecard!$A$5:$A$20,MATCH(8,Scorecard!$V$5:$V$20,0))&"","") | C21: =IFERROR(INDEX(Scorecard!$B$5:$B$20,MATCH(8,Scorecard!$V$5:$V$20,0))&"","") | D21: =IFERROR(INDEX(Scorecard!$C$5:$C$20,MATCH(8,Scorecard!$V$5:$V$20,0))&"","") | E21: =IFERROR(INDEX(Scorecard!$U$5:$U$20,MATCH(8,Scorecard!$V$5:$V$20,0))&"","")
A23: On watch this week
A24: # | B24: Function | C24: KPI | D24: Owner | E24: Comment
A25: 1 | B25: =IFERROR(INDEX(Scorecard!$A$5:$A$20,MATCH(1,Scorecard!$W$5:$W$20,0))&"","") | C25: =IFERROR(INDEX(Scorecard!$B$5:$B$20,MATCH(1,Scorecard!$W$5:$W$20,0))&"","") | D25: =IFERROR(INDEX(Scorecard!$C$5:$C$20,MATCH(1,Scorecard!$W$5:$W$20,0))&"","") | E25: =IFERROR(INDEX(Scorecard!$U$5:$U$20,MATCH(1,Scorecard!$W$5:$W$20,0))&"","")
A26: 2 | B26: =IFERROR(INDEX(Scorecard!$A$5:$A$20,MATCH(2,Scorecard!$W$5:$W$20,0))&"","") | C26: =IFERROR(INDEX(Scorecard!$B$5:$B$20,MATCH(2,Scorecard!$W$5:$W$20,0))&"","") | D26: =IFERROR(INDEX(Scorecard!$C$5:$C$20,MATCH(2,Scorecard!$W$5:$W$20,0))&"","") | E26: =IFERROR(INDEX(Scorecard!$U$5:$U$20,MATCH(2,Scorecard!$W$5:$W$20,0))&"","")
A27: 3 | B27: =IFERROR(INDEX(Scorecard!$A$5:$A$20,MATCH(3,Scorecard!$W$5:$W$20,0))&"","") | C27: =IFERROR(INDEX(Scorecard!$B$5:$B$20,MATCH(3,Scorecard!$W$5:$W$20,0))&"","") | D27: =IFERROR(INDEX(Scorecard!$C$5:$C$20,MATCH(3,Scorecard!$W$5:$W$20,0))&"","") | E27: =IFERROR(INDEX(Scorecard!$U$5:$U$20,MATCH(3,Scorecard!$W$5:$W$20,0))&"","")
A28: 4 | B28: =IFERROR(INDEX(Scorecard!$A$5:$A$20,MATCH(4,Scorecard!$W$5:$W$20,0))&"","") | C28: =IFERROR(INDEX(Scorecard!$B$5:$B$20,MATCH(4,Scorecard!$W$5:$W$20,0))&"","") | D28: =IFERROR(INDEX(Scorecard!$C$5:$C$20,MATCH(4,Scorecard!$W$5:$W$20,0))&"","") | E28: =IFERROR(INDEX(Scorecard!$U$5:$U$20,MATCH(4,Scorecard!$W$5:$W$20,0))&"","")
A29: 5 | B29: =IFERROR(INDEX(Scorecard!$A$5:$A$20,MATCH(5,Scorecard!$W$5:$W$20,0))&"","") | C29: =IFERROR(INDEX(Scorecard!$B$5:$B$20,MATCH(5,Scorecard!$W$5:$W$20,0))&"","") | D29: =IFERROR(INDEX(Scorecard!$C$5:$C$20,MATCH(5,Scorecard!$W$5:$W$20,0))&"","") | E29: =IFERROR(INDEX(Scorecard!$U$5:$U$20,MATCH(5,Scorecard!$W$5:$W$20,0))&"","")
A30: 6 | B30: =IFERROR(INDEX(Scorecard!$A$5:$A$20,MATCH(6,Scorecard!$W$5:$W$20,0))&"","") | C30: =IFERROR(INDEX(Scorecard!$B$5:$B$20,MATCH(6,Scorecard!$W$5:$W$20,0))&"","") | D30: =IFERROR(INDEX(Scorecard!$C$5:$C$20,MATCH(6,Scorecard!$W$5:$W$20,0))&"","") | E30: =IFERROR(INDEX(Scorecard!$U$5:$U$20,MATCH(6,Scorecard!$W$5:$W$20,0))&"","")
A31: 7 | B31: =IFERROR(INDEX(Scorecard!$A$5:$A$20,MATCH(7,Scorecard!$W$5:$W$20,0))&"","") | C31: =IFERROR(INDEX(Scorecard!$B$5:$B$20,MATCH(7,Scorecard!$W$5:$W$20,0))&"","") | D31: =IFERROR(INDEX(Scorecard!$C$5:$C$20,MATCH(7,Scorecard!$W$5:$W$20,0))&"","") | E31: =IFERROR(INDEX(Scorecard!$U$5:$U$20,MATCH(7,Scorecard!$W$5:$W$20,0))&"","")
A32: 8 | B32: =IFERROR(INDEX(Scorecard!$A$5:$A$20,MATCH(8,Scorecard!$W$5:$W$20,0))&"","") | C32: =IFERROR(INDEX(Scorecard!$B$5:$B$20,MATCH(8,Scorecard!$W$5:$W$20,0))&"","") | D32: =IFERROR(INDEX(Scorecard!$C$5:$C$20,MATCH(8,Scorecard!$W$5:$W$20,0))&"","") | E32: =IFERROR(INDEX(Scorecard!$U$5:$U$20,MATCH(8,Scorecard!$W$5:$W$20,0))&"","")
