Workbook

Sheet Read me
A1: Harbor & Pine Co. | Customer Care WFM Toolkit
A2: Sample workbook built by Jastin Tucay. Harbor & Pine Co. is a fictional company and every number here is synthetic.
A4: What this is | B4: A small workforce management kit for a 25-person care team (phones and chat, Melbourne and Manila). It turns a call forecast into staffing needs, tracks the day in real time and checks schedule adherence.
A6: Staffing Calculator | B6: Edit the yellow cells: service level target, answer time, AHT, shrinkage, max occupancy and the calls per 30-minute interval. Every blue-grey column recalculates: workload in Erlangs, agents required (Erlang C), expected service level, average speed of answer, occupancy and scheduled heads.
A7: Intraday RTA | B7: A real-time snapshot of Monday 5 Oct 2026 at 15:30 AEST. Forecast and required agents come from the calculator; actuals are pasted from the phone system. Variance, staffing gap and status update automatically, and the Action column logs what the real-time analyst did about it.
A8: Adherence | B8: Schedule adherence and conformance for 20 agents on the same day, with RAG flags and the main exception.
A9: Calc | B9: Helper grid for the calculator. Each row is an interval, each column a possible agent count (1 to 60), and each cell is the service level that many agents would reach. Nothing to edit here.
A11: How agents are found | B11: Required agents = the smallest agent count whose service level meets the target and whose occupancy stays under the cap (MINIFS over the Calc grid).
A12: Erlang C | B12: C = P(N,A) / (P(N,A) + (1 - A/N) x POISSON.DIST(N-1, A, TRUE)), where P(N,A) = POISSON.DIST(N, A, FALSE)
A13: Service level | B13: SL = 1 - C x EXP(-(N - A) x target seconds / AHT)
A14: ASA | B14: ASA = C x AHT / (N - A)
A15: Workload | B15: A (Erlangs) = calls x AHT / 1800 seconds
A17: Colour key | B17: Yellow = input you can change. Light blue = data pasted from a system. Green / amber / red = on track / watch / act.
A18: Limits | B18: Erlang C assumes callers never hang up, so it slightly overstates the agents you need. The grid covers up to 60 agents per interval (about 280 calls per half hour at the default settings).
A19: Works in | B19: Microsoft Excel 2019 or later and Google Sheets (File > Import).

Sheet Staffing Calculator
A1: Staffing Calculator | Monday phone queue
A2: Erlang C staffing by 30-minute interval, 07:00 to 22:00 AEST. Change the yellow cells.
A4: Service level target | B4: 0.8 | E4: Daily calls | F4: =SUM(B11:B40) | H4: Agent-hours required | I4: =SUM(D11:D40)/2
A5: Answer within (sec) | B5: 20 | E5: Peak agents required | F5: =MAX(D11:D40) | H5: Scheduled hours | I5: =SUM(H11:H40)/2
A6: AHT (sec) | B6: 330 | E6: Peak interval | F6: =INDEX(A11:A40,MATCH(F5,D11:D40,0)) | H6: Average occupancy | I6: =SUM(C11:C40)/SUM(D11:D40)
A7: Shrinkage | B7: 0.3 | E7: Forecast daily SL | F7: =SUMPRODUCT(B11:B40,E11:E40)/SUM(B11:B40)
A8: Max occupancy | B8: 0.85
A10: Interval | B10: Forecast calls | C10: Workload (Erlangs) | D10: Agents required | E10: Expected SL | F10: ASA (sec) | G10: Occupancy | H10: Scheduled heads
A11: 0.29166667 | B11: 14 | C11: =B11*$B$6/1800 | D11: =IF(C11=0,0,_xlfn.MINIFS(Calc!$C$1:$BJ$1,Calc!$C11:$BJ11,">="&$B$4,Calc!$C$1:$BJ$1,">="&C11/$B$8)) | E11: =IF(D11=0,1,INDEX(Calc!$C11:$BJ11,D11)) | F11: =IF(D11=0,0,_xlfn.POISSON.DIST(D11,C11,FALSE)/(_xlfn.POISSON.DIST(D11,C11,FALSE)+(1-C11/D11)*_xlfn.POISSON.DIST(D11-1,C11,TRUE))*$B$6/(D11-C11)) | G11: =IF(D11=0,0,C11/D11) | H11: =ROUNDUP(D11/(1-$B$7),0)
A12: 0.3125 | B12: 22 | C12: =B12*$B$6/1800 | D12: =IF(C12=0,0,_xlfn.MINIFS(Calc!$C$1:$BJ$1,Calc!$C12:$BJ12,">="&$B$4,Calc!$C$1:$BJ$1,">="&C12/$B$8)) | E12: =IF(D12=0,1,INDEX(Calc!$C12:$BJ12,D12)) | F12: =IF(D12=0,0,_xlfn.POISSON.DIST(D12,C12,FALSE)/(_xlfn.POISSON.DIST(D12,C12,FALSE)+(1-C12/D12)*_xlfn.POISSON.DIST(D12-1,C12,TRUE))*$B$6/(D12-C12)) | G12: =IF(D12=0,0,C12/D12) | H12: =ROUNDUP(D12/(1-$B$7),0)
A13: 0.33333333 | B13: 34 | C13: =B13*$B$6/1800 | D13: =IF(C13=0,0,_xlfn.MINIFS(Calc!$C$1:$BJ$1,Calc!$C13:$BJ13,">="&$B$4,Calc!$C$1:$BJ$1,">="&C13/$B$8)) | E13: =IF(D13=0,1,INDEX(Calc!$C13:$BJ13,D13)) | F13: =IF(D13=0,0,_xlfn.POISSON.DIST(D13,C13,FALSE)/(_xlfn.POISSON.DIST(D13,C13,FALSE)+(1-C13/D13)*_xlfn.POISSON.DIST(D13-1,C13,TRUE))*$B$6/(D13-C13)) | G13: =IF(D13=0,0,C13/D13) | H13: =ROUNDUP(D13/(1-$B$7),0)
A14: 0.35416667 | B14: 46 | C14: =B14*$B$6/1800 | D14: =IF(C14=0,0,_xlfn.MINIFS(Calc!$C$1:$BJ$1,Calc!$C14:$BJ14,">="&$B$4,Calc!$C$1:$BJ$1,">="&C14/$B$8)) | E14: =IF(D14=0,1,INDEX(Calc!$C14:$BJ14,D14)) | F14: =IF(D14=0,0,_xlfn.POISSON.DIST(D14,C14,FALSE)/(_xlfn.POISSON.DIST(D14,C14,FALSE)+(1-C14/D14)*_xlfn.POISSON.DIST(D14-1,C14,TRUE))*$B$6/(D14-C14)) | G14: =IF(D14=0,0,C14/D14) | H14: =ROUNDUP(D14/(1-$B$7),0)
A15: 0.375 | B15: 58 | C15: =B15*$B$6/1800 | D15: =IF(C15=0,0,_xlfn.MINIFS(Calc!$C$1:$BJ$1,Calc!$C15:$BJ15,">="&$B$4,Calc!$C$1:$BJ$1,">="&C15/$B$8)) | E15: =IF(D15=0,1,INDEX(Calc!$C15:$BJ15,D15)) | F15: =IF(D15=0,0,_xlfn.POISSON.DIST(D15,C15,FALSE)/(_xlfn.POISSON.DIST(D15,C15,FALSE)+(1-C15/D15)*_xlfn.POISSON.DIST(D15-1,C15,TRUE))*$B$6/(D15-C15)) | G15: =IF(D15=0,0,C15/D15) | H15: =ROUNDUP(D15/(1-$B$7),0)
A16: 0.39583333 | B16: 66 | C16: =B16*$B$6/1800 | D16: =IF(C16=0,0,_xlfn.MINIFS(Calc!$C$1:$BJ$1,Calc!$C16:$BJ16,">="&$B$4,Calc!$C$1:$BJ$1,">="&C16/$B$8)) | E16: =IF(D16=0,1,INDEX(Calc!$C16:$BJ16,D16)) | F16: =IF(D16=0,0,_xlfn.POISSON.DIST(D16,C16,FALSE)/(_xlfn.POISSON.DIST(D16,C16,FALSE)+(1-C16/D16)*_xlfn.POISSON.DIST(D16-1,C16,TRUE))*$B$6/(D16-C16)) | G16: =IF(D16=0,0,C16/D16) | H16: =ROUNDUP(D16/(1-$B$7),0)
A17: 0.41666667 | B17: 70 | C17: =B17*$B$6/1800 | D17: =IF(C17=0,0,_xlfn.MINIFS(Calc!$C$1:$BJ$1,Calc!$C17:$BJ17,">="&$B$4,Calc!$C$1:$BJ$1,">="&C17/$B$8)) | E17: =IF(D17=0,1,INDEX(Calc!$C17:$BJ17,D17)) | F17: =IF(D17=0,0,_xlfn.POISSON.DIST(D17,C17,FALSE)/(_xlfn.POISSON.DIST(D17,C17,FALSE)+(1-C17/D17)*_xlfn.POISSON.DIST(D17-1,C17,TRUE))*$B$6/(D17-C17)) | G17: =IF(D17=0,0,C17/D17) | H17: =ROUNDUP(D17/(1-$B$7),0)
A18: 0.4375 | B18: 68 | C18: =B18*$B$6/1800 | D18: =IF(C18=0,0,_xlfn.MINIFS(Calc!$C$1:$BJ$1,Calc!$C18:$BJ18,">="&$B$4,Calc!$C$1:$BJ$1,">="&C18/$B$8)) | E18: =IF(D18=0,1,INDEX(Calc!$C18:$BJ18,D18)) | F18: =IF(D18=0,0,_xlfn.POISSON.DIST(D18,C18,FALSE)/(_xlfn.POISSON.DIST(D18,C18,FALSE)+(1-C18/D18)*_xlfn.POISSON.DIST(D18-1,C18,TRUE))*$B$6/(D18-C18)) | G18: =IF(D18=0,0,C18/D18) | H18: =ROUNDUP(D18/(1-$B$7),0)
A19: 0.45833333 | B19: 62 | C19: =B19*$B$6/1800 | D19: =IF(C19=0,0,_xlfn.MINIFS(Calc!$C$1:$BJ$1,Calc!$C19:$BJ19,">="&$B$4,Calc!$C$1:$BJ$1,">="&C19/$B$8)) | E19: =IF(D19=0,1,INDEX(Calc!$C19:$BJ19,D19)) | F19: =IF(D19=0,0,_xlfn.POISSON.DIST(D19,C19,FALSE)/(_xlfn.POISSON.DIST(D19,C19,FALSE)+(1-C19/D19)*_xlfn.POISSON.DIST(D19-1,C19,TRUE))*$B$6/(D19-C19)) | G19: =IF(D19=0,0,C19/D19) | H19: =ROUNDUP(D19/(1-$B$7),0)
A20: 0.47916667 | B20: 56 | C20: =B20*$B$6/1800 | D20: =IF(C20=0,0,_xlfn.MINIFS(Calc!$C$1:$BJ$1,Calc!$C20:$BJ20,">="&$B$4,Calc!$C$1:$BJ$1,">="&C20/$B$8)) | E20: =IF(D20=0,1,INDEX(Calc!$C20:$BJ20,D20)) | F20: =IF(D20=0,0,_xlfn.POISSON.DIST(D20,C20,FALSE)/(_xlfn.POISSON.DIST(D20,C20,FALSE)+(1-C20/D20)*_xlfn.POISSON.DIST(D20-1,C20,TRUE))*$B$6/(D20-C20)) | G20: =IF(D20=0,0,C20/D20) | H20: =ROUNDUP(D20/(1-$B$7),0)
A21: 0.5 | B21: 52 | C21: =B21*$B$6/1800 | D21: =IF(C21=0,0,_xlfn.MINIFS(Calc!$C$1:$BJ$1,Calc!$C21:$BJ21,">="&$B$4,Calc!$C$1:$BJ$1,">="&C21/$B$8)) | E21: =IF(D21=0,1,INDEX(Calc!$C21:$BJ21,D21)) | F21: =IF(D21=0,0,_xlfn.POISSON.DIST(D21,C21,FALSE)/(_xlfn.POISSON.DIST(D21,C21,FALSE)+(1-C21/D21)*_xlfn.POISSON.DIST(D21-1,C21,TRUE))*$B$6/(D21-C21)) | G21: =IF(D21=0,0,C21/D21) | H21: =ROUNDUP(D21/(1-$B$7),0)
A22: 0.52083333 | B22: 57 | C22: =B22*$B$6/1800 | D22: =IF(C22=0,0,_xlfn.MINIFS(Calc!$C$1:$BJ$1,Calc!$C22:$BJ22,">="&$B$4,Calc!$C$1:$BJ$1,">="&C22/$B$8)) | E22: =IF(D22=0,1,INDEX(Calc!$C22:$BJ22,D22)) | F22: =IF(D22=0,0,_xlfn.POISSON.DIST(D22,C22,FALSE)/(_xlfn.POISSON.DIST(D22,C22,FALSE)+(1-C22/D22)*_xlfn.POISSON.DIST(D22-1,C22,TRUE))*$B$6/(D22-C22)) | G22: =IF(D22=0,0,C22/D22) | H22: =ROUNDUP(D22/(1-$B$7),0)
... A40: 0.89583333 | B40: 7 | C40: =B40*$B$6/1800 | D40: =IF(C40=0,0,_xlfn.MINIFS(Calc!$C$1:$BJ$1,Calc!$C40:$BJ40,">="&$B$4,Calc!$C$1:$BJ$1,">="&C40/$B$8)) | E40: =IF(D40=0,1,INDEX(Calc!$C40:$BJ40,D40)) | F40: =IF(D40=0,0,_xlfn.POISSON.DIST(D40,C40,FALSE)/(_xlfn.POISSON.DIST(D40,C40,FALSE)+(1-C40/D40)*_xlfn.POISSON.DIST(D40-1,C40,TRUE))*$B$6/(D40-C40)) | G40: =IF(D40=0,0,C40/D40) | H40: =ROUNDUP(D40/(1-$B$7),0)

Sheet Intraday RTA
A1: Intraday RTA | Monday 5 Oct 2026, snapshot 15:30 AEST
A2: Forecast and required agents link to the Staffing Calculator. Light blue columns are pasted from the phone system.
A4: Calls so far (actual) | B4: =SUM(C11:C40) | E4: SL target | F4: ='Staffing Calculator'!B4
A5: Calls so far (forecast) | B5: =SUMPRODUCT((C11:C40<>"")*B11:B40) | E5: Intervals below target | F5: =COUNTIF(J11:J40,"<"&F4)
A6: Volume variance | B6: =B4/B5-1 | E6: Understaffed intervals | F6: =COUNTIF(I11:I40,"<0")
A7: SL so far | B7: =SUMPRODUCT(C11:C40,J11:J40)/B4 | E7: Calls still to come | F7: =SUMIFS(B11:B40,C11:C40,"")
A10: Interval | B10: Forecast calls | C10: Actual calls | D10: Volume var. | E10: Forecast AHT | F10: Actual AHT | G10: Agents required | H10: Agents staffed | I10: Staffing gap | J10: SL achieved | K10: Status | L10: Action taken
A11: 0.29166667 | B11: ='Staffing Calculator'!B11 | C11: 14 | D11: =IF(C11="","",C11/B11-1) | E11: ='Staffing Calculator'!$B$6 | F11: 327 | G11: ='Staffing Calculator'!D11 | H11: 5 | I11: =IF(H11="","",H11-G11) | J11: 0.856 | K11: =IF(C11="","",IF(AND(J11>=$F$4,I11>=0),"On track",IF(J11>=$F$4-0.1,"Watch","Act")))
A12: 0.3125 | B12: ='Staffing Calculator'!B12 | C12: 22 | D12: =IF(C12="","",C12/B12-1) | E12: ='Staffing Calculator'!$B$6 | F12: 322 | G12: ='Staffing Calculator'!D12 | H12: 8 | I12: =IF(H12="","",H12-G12) | J12: 0.954 | K12: =IF(C12="","",IF(AND(J12>=$F$4,I12>=0),"On track",IF(J12>=$F$4-0.1,"Watch","Act")))
A13: 0.33333333 | B13: ='Staffing Calculator'!B13 | C13: 35 | D13: =IF(C13="","",C13/B13-1) | E13: ='Staffing Calculator'!$B$6 | F13: 330 | G13: ='Staffing Calculator'!D13 | H13: 8 | I13: =IF(H13="","",H13-G13) | J13: 0.579 | K13: =IF(C13="","",IF(AND(J13>=$F$4,I13>=0),"On track",IF(J13>=$F$4-0.1,"Watch","Act")))
A14: 0.35416667 | B14: ='Staffing Calculator'!B14 | C14: 53 | D14: =IF(C14="","",C14/B14-1) | E14: ='Staffing Calculator'!$B$6 | F14: 345 | G14: ='Staffing Calculator'!D14 | H14: 12 | I14: =IF(H14="","",H14-G14) | J14: 0.58 | K14: =IF(C14="","",IF(AND(J14>=$F$4,I14>=0),"On track",IF(J14>=$F$4-0.1,"Watch","Act"))) | L14: Volume +10% early. Held 08:45 team huddle until 09:30.
A15: 0.375 | B15: ='Staffing Calculator'!B15 | C15: 64 | D15: =IF(C15="","",C15/B15-1) | E15: ='Staffing Calculator'!$B$6 | F15: 348 | G15: ='Staffing Calculator'!D15 | H15: 14 | I15: =IF(H15="","",H15-G15) | J15: 0.472 | K15: =IF(C15="","",IF(AND(J15>=$F$4,I15>=0),"On track",IF(J15>=$F$4-0.1,"Watch","Act")))
A16: 0.39583333 | B16: ='Staffing Calculator'!B16 | C16: 71 | D16: =IF(C16="","",C16/B16-1) | E16: ='Staffing Calculator'!$B$6 | F16: 358 | G16: ='Staffing Calculator'!D16 | H16: 14 | I16: =IF(H16="","",H16-G16) | J16: 0.446 | K16: =IF(C16="","",IF(AND(J16>=$F$4,I16>=0),"On track",IF(J16>=$F$4-0.1,"Watch","Act"))) | L16: 2 unplanned absences (Melbourne). Moved 2 chat agents to phones.
A17: 0.41666667 | B17: ='Staffing Calculator'!B17 | C17: 77 | D17: =IF(C17="","",C17/B17-1) | E17: ='Staffing Calculator'!$B$6 | F17: 354 | G17: ='Staffing Calculator'!D17 | H17: 15 | I17: =IF(H17="","",H17-G17) | J17: 0.35 | K17: =IF(C17="","",IF(AND(J17>=$F$4,I17>=0),"On track",IF(J17>=$F$4-0.1,"Watch","Act"))) | L17: Delivery-delay email drove repeat calls. Pushed 1:1 coaching to Thursday.
A18: 0.4375 | B18: ='Staffing Calculator'!B18 | C18: 78 | D18: =IF(C18="","",C18/B18-1) | E18: ='Staffing Calculator'!$B$6 | F18: 344 | G18: ='Staffing Calculator'!D18 | H18: 16 | I18: =IF(H18="","",H18-G18) | J18: 0.337 | K18: =IF(C18="","",IF(AND(J18>=$F$4,I18>=0),"On track",IF(J18>=$F$4-0.1,"Watch","Act"))) | L18: Offered 2 hrs voluntary overtime to Manila team, 2 accepted.
A19: 0.45833333 | B19: ='Staffing Calculator'!B19 | C19: 69 | D19: =IF(C19="","",C19/B19-1) | E19: ='Staffing Calculator'!$B$6 | F19: 353 | G19: ='Staffing Calculator'!D19 | H19: 16 | I19: =IF(H19="","",H19-G19) | J19: 0.616 | K19: =IF(C19="","",IF(AND(J19>=$F$4,I19>=0),"On track",IF(J19>=$F$4-0.1,"Watch","Act"))) | L19: OT agents live. Chat agents back to chat.
A20: 0.47916667 | B20: ='Staffing Calculator'!B20 | C20: 54 | D20: =IF(C20="","",C20/B20-1) | E20: ='Staffing Calculator'!$B$6 | F20: 334 | G20: ='Staffing Calculator'!D20 | H20: 14 | I20: =IF(H20="","",H20-G20) | J20: 0.853 | K20: =IF(C20="","",IF(AND(J20>=$F$4,I20>=0),"On track",IF(J20>=$F$4-0.1,"Watch","Act")))
A21: 0.5 | B21: ='Staffing Calculator'!B21 | C21: 50 | D21: =IF(C21="","",C21/B21-1) | E21: ='Staffing Calculator'!$B$6 | F21: 335 | G21: ='Staffing Calculator'!D21 | H21: 13 | I21: =IF(H21="","",H21-G21) | J21: 0.862 | K21: =IF(C21="","",IF(AND(J21>=$F$4,I21>=0),"On track",IF(J21>=$F$4-0.1,"Watch","Act")))
A22: 0.52083333 | B22: ='Staffing Calculator'!B22 | C22: 55 | D22: =IF(C22="","",C22/B22-1) | E22: ='Staffing Calculator'!$B$6 | F22: 338 | G22: ='Staffing Calculator'!D22 | H22: 14 | I22: =IF(H22="","",H22-G22) | J22: 0.809 | K22: =IF(C22="","",IF(AND(J22>=$F$4,I22>=0),"On track",IF(J22>=$F$4-0.1,"Watch","Act"))) | L22: Staggered lunches 15 min to cover the 12:30 bump.
A23: 0.54166667 | B23: ='Staffing Calculator'!B23 | C23: 59 | D23: =IF(C23="","",C23/B23-1) | E23: ='Staffing Calculator'!$B$6 | F23: 338 | G23: ='Staffing Calculator'!D23 | H23: 16 | I23: =IF(H23="","",H23-G23) | J23: 0.896 | K23: =IF(C23="","",IF(AND(J23>=$F$4,I23>=0),"On track",IF(J23>=$F$4-0.1,"Watch","Act")))
A24: 0.5625 | B24: ='Staffing Calculator'!B24 | C24: 58 | D24: =IF(C24="","",C24/B24-1) | E24: ='Staffing Calculator'!$B$6 | F24: 327 | G24: ='Staffing Calculator'!D24 | H24: 16 | I24: =IF(H24="","",H24-G24) | J24: 0.918 | K24: =IF(C24="","",IF(AND(J24>=$F$4,I24>=0),"On track",IF(J24>=$F$4-0.1,"Watch","Act")))
A25: 0.58333333 | B25: ='Staffing Calculator'!B25 | C25: 47 | D25: =IF(C25="","",C25/B25-1) | E25: ='Staffing Calculator'!$B$6 | F25: 326 | G25: ='Staffing Calculator'!D25 | H25: 15 | I25: =IF(H25="","",H25-G25) | J25: 0.949 | K25: =IF(C25="","",IF(AND(J25>=$F$4,I25>=0),"On track",IF(J25>=$F$4-0.1,"Watch","Act"))) | L25: Volume under forecast. Released 1 agent to product training.
A26: 0.60416667 | B26: ='Staffing Calculator'!B26 | C26: 43 | D26: =IF(C26="","",C26/B26-1) | E26: ='Staffing Calculator'!$B$6 | F26: 328 | G26: ='Staffing Calculator'!D26 | H26: 12 | I26: =IF(H26="","",H26-G26) | J26: 0.91 | K26: =IF(C26="","",IF(AND(J26>=$F$4,I26>=0),"On track",IF(J26>=$F$4-0.1,"Watch","Act")))
A27: 0.625 | B27: ='Staffing Calculator'!B27 | C27: 38 | D27: =IF(C27="","",C27/B27-1) | E27: ='Staffing Calculator'!$B$6 | F27: 340 | G27: ='Staffing Calculator'!D27 | H27: 12 | I27: =IF(H27="","",H27-G27) | J27: 0.932 | K27: =IF(C27="","",IF(AND(J27>=$F$4,I27>=0),"On track",IF(J27>=$F$4-0.1,"Watch","Act")))
A28: 0.64583333 | B28: ='Staffing Calculator'!B28 | D28: =IF(C28="","",C28/B28-1) | E28: ='Staffing Calculator'!$B$6 | G28: ='Staffing Calculator'!D28 | I28: =IF(H28="","",H28-G28) | K28: =IF(C28="","",IF(AND(J28>=$F$4,I28>=0),"On track",IF(J28>=$F$4-0.1,"Watch","Act")))
A29: 0.66666667 | B29: ='Staffing Calculator'!B29 | D29: =IF(C29="","",C29/B29-1) | E29: ='Staffing Calculator'!$B$6 | G29: ='Staffing Calculator'!D29 | I29: =IF(H29="","",H29-G29) | K29: =IF(C29="","",IF(AND(J29>=$F$4,I29>=0),"On track",IF(J29>=$F$4-0.1,"Watch","Act")))
A30: 0.6875 | B30: ='Staffing Calculator'!B30 | D30: =IF(C30="","",C30/B30-1) | E30: ='Staffing Calculator'!$B$6 | G30: ='Staffing Calculator'!D30 | I30: =IF(H30="","",H30-G30) | K30: =IF(C30="","",IF(AND(J30>=$F$4,I30>=0),"On track",IF(J30>=$F$4-0.1,"Watch","Act")))
A31: 0.70833333 | B31: ='Staffing Calculator'!B31 | D31: =IF(C31="","",C31/B31-1) | E31: ='Staffing Calculator'!$B$6 | G31: ='Staffing Calculator'!D31 | I31: =IF(H31="","",H31-G31) | K31: =IF(C31="","",IF(AND(J31>=$F$4,I31>=0),"On track",IF(J31>=$F$4-0.1,"Watch","Act")))
A32: 0.72916667 | B32: ='Staffing Calculator'!B32 | D32: =IF(C32="","",C32/B32-1) | E32: ='Staffing Calculator'!$B$6 | G32: ='Staffing Calculator'!D32 | I32: =IF(H32="","",H32-G32) | K32: =IF(C32="","",IF(AND(J32>=$F$4,I32>=0),"On track",IF(J32>=$F$4-0.1,"Watch","Act")))
A33: 0.75 | B33: ='Staffing Calculator'!B33 | D33: =IF(C33="","",C33/B33-1) | E33: ='Staffing Calculator'!$B$6 | G33: ='Staffing Calculator'!D33 | I33: =IF(H33="","",H33-G33) | K33: =IF(C33="","",IF(AND(J33>=$F$4,I33>=0),"On track",IF(J33>=$F$4-0.1,"Watch","Act")))
A34: 0.77083333 | B34: ='Staffing Calculator'!B34 | D34: =IF(C34="","",C34/B34-1) | E34: ='Staffing Calculator'!$B$6 | G34: ='Staffing Calculator'!D34 | I34: =IF(H34="","",H34-G34) | K34: =IF(C34="","",IF(AND(J34>=$F$4,I34>=0),"On track",IF(J34>=$F$4-0.1,"Watch","Act")))
A35: 0.79166667 | B35: ='Staffing Calculator'!B35 | D35: =IF(C35="","",C35/B35-1) | E35: ='Staffing Calculator'!$B$6 | G35: ='Staffing Calculator'!D35 | I35: =IF(H35="","",H35-G35) | K35: =IF(C35="","",IF(AND(J35>=$F$4,I35>=0),"On track",IF(J35>=$F$4-0.1,"Watch","Act")))
A36: 0.8125 | B36: ='Staffing Calculator'!B36 | D36: =IF(C36="","",C36/B36-1) | E36: ='Staffing Calculator'!$B$6 | G36: ='Staffing Calculator'!D36 | I36: =IF(H36="","",H36-G36) | K36: =IF(C36="","",IF(AND(J36>=$F$4,I36>=0),"On track",IF(J36>=$F$4-0.1,"Watch","Act")))
A37: 0.83333333 | B37: ='Staffing Calculator'!B37 | D37: =IF(C37="","",C37/B37-1) | E37: ='Staffing Calculator'!$B$6 | G37: ='Staffing Calculator'!D37 | I37: =IF(H37="","",H37-G37) | K37: =IF(C37="","",IF(AND(J37>=$F$4,I37>=0),"On track",IF(J37>=$F$4-0.1,"Watch","Act")))
A38: 0.85416667 | B38: ='Staffing Calculator'!B38 | D38: =IF(C38="","",C38/B38-1) | E38: ='Staffing Calculator'!$B$6 | G38: ='Staffing Calculator'!D38 | I38: =IF(H38="","",H38-G38) | K38: =IF(C38="","",IF(AND(J38>=$F$4,I38>=0),"On track",IF(J38>=$F$4-0.1,"Watch","Act")))
A39: 0.875 | B39: ='Staffing Calculator'!B39 | D39: =IF(C39="","",C39/B39-1) | E39: ='Staffing Calculator'!$B$6 | G39: ='Staffing Calculator'!D39 | I39: =IF(H39="","",H39-G39) | K39: =IF(C39="","",IF(AND(J39>=$F$4,I39>=0),"On track",IF(J39>=$F$4-0.1,"Watch","Act")))
A40: 0.89583333 | B40: ='Staffing Calculator'!B40 | D40: =IF(C40="","",C40/B40-1) | E40: ='Staffing Calculator'!$B$6 | G40: ='Staffing Calculator'!D40 | I40: =IF(H40="","",H40-G40) | K40: =IF(C40="","",IF(AND(J40>=$F$4,I40>=0),"On track",IF(J40>=$F$4-0.1,"Watch","Act")))

Sheet Adherence
A1: Schedule Adherence | Monday 5 Oct 2026
A2: Adherence = minutes in the scheduled activity at the scheduled time. Conformance = minutes worked vs minutes scheduled.
A4: Team adherence | B4: =SUM(G7:G26)/SUM(E7:E26) | E4: Adherence target | F4: 0.92
A6: Agent | B6: Site | C6: Queue | D6: Shift start (AEST) | E6: Scheduled min | F6: Worked min | G6: In adherence min | H6: Out of adherence min | I6: Adherence | J6: Conformance | K6: Main exception
A7: Mia Thompson | B7: Melbourne | C7: Phones | D7: 07:00 | E7: 450 | F7: 447 | G7: 435 | H7: =E7-G7 | I7: =G7/E7 | J7: =F7/E7
A8: Liam Nguyen | B8: Melbourne | C8: Phones | D8: 07:00 | E8: 450 | F8: 450 | G8: 431 | H8: =E8-G8 | I8: =G8/E8 | J8: =F8/E8
A9: Chloe Walsh | B9: Melbourne | C9: Phones | D9: 08:00 | E9: 450 | F9: 449 | G9: 433 | H9: =E9-G9 | I9: =G9/E9 | J9: =F9/E9
A10: Noah Patel | B10: Melbourne | C10: Phones | D10: 08:30 | E10: 450 | F10: 402 | G10: 368 | H10: =E10-G10 | I10: =G10/E10 | J10: =F10/E10 | K10: Unplanned absence cover, logged in 38 min late
A11: Grace O'Connor | B11: Melbourne | C11: Chat | D11: 09:00 | E11: 450 | F11: 447 | G11: 418 | H11: =E11-G11 | I11: =G11/E11 | J11: =F11/E11
A12: Jack Robinson | B12: Melbourne | C12: Phones | D12: 09:00 | E12: 450 | F12: 452 | G12: 401 | H12: =E12-G12 | I12: =G12/E12 | J12: =F12/E12 | K12: Extended lunch (22 min over)
A13: Ruby Chen | B13: Melbourne | C13: Chat | D13: 10:00 | E13: 450 | F13: 455 | G13: 420 | H13: =E13-G13 | I13: =G13/E13 | J13: =F13/E13 | K13: System issue 10:05-10:40 (chat tool down)
A14: Oliver Hart | B14: Melbourne | C14: Phones | D14: 12:00 | E14: 450 | F14: 447 | G14: 417 | H14: =E14-G14 | I14: =G14/E14 | J14: =F14/E14
A15: Andrea Santos | B15: Manila | C15: Phones | D15: 07:30 | E15: 450 | F15: 452 | G15: 439 | H15: =E15-G15 | I15: =G15/E15 | J15: =F15/E15
A16: Miguel Reyes | B16: Manila | C16: Phones | D16: 08:00 | E16: 450 | F16: 446 | G16: 432 | H16: =E16-G16 | I16: =G16/E16 | J16: =F16/E16
A17: Bea Villanueva | B17: Manila | C17: Chat | D17: 08:00 | E17: 450 | F17: 449 | G17: 430 | H17: =E17-G17 | I17: =G17/E17 | J17: =F17/E17
A18: Paolo Cruz | B18: Manila | C18: Phones | D18: 09:00 | E18: 450 | F18: 470 | G18: 441 | H18: =E18-G18 | I18: =G18/E18 | J18: =F18/E18 | K18: Stayed on phones through coaching slot
A19: Kim Dela Rosa | B19: Manila | C19: Chat | D19: 09:30 | E19: 450 | F19: 444 | G19: 397 | H19: =E19-G19 | I19: =G19/E19 | J19: =F19/E19 | K19: Moved to phones 09:30-11:00, not in schedule
A20: Carlo Mendoza | B20: Manila | C20: Phones | D20: 10:00 | E20: 450 | F20: 578 | G20: 431 | H20: =E20-G20 | I20: =G20/E20 | J20: =F20/E20 | K20: 2 hrs voluntary OT, not yet added to schedule
A21: Trisha Bautista | B21: Manila | C21: Chat | D21: 11:00 | E21: 450 | F21: 446 | G21: 404 | H21: =E21-G21 | I21: =G21/E21 | J21: =F21/E21 | K21: Moved to phones 09:30-11:00, not in schedule
A22: Joshua Ramos | B22: Manila | C22: Phones | D22: 12:00 | E22: 450 | F22: 578 | G22: 438 | H22: =E22-G22 | I22: =G22/E22 | J22: =F22/E22 | K22: 2 hrs voluntary OT, not yet added to schedule
A23: Nicole Garcia | B23: Manila | C23: Phones | D23: 13:00 | E23: 450 | F23: 446 | G23: 417 | H23: =E23-G23 | I23: =G23/E23 | J23: =F23/E23
A24: Mark Aquino | B24: Manila | C24: Chat | D24: 13:00 | E24: 450 | F24: 449 | G24: 420 | H24: =E24-G24 | I24: =G24/E24 | J24: =F24/E24
A25: Janine Lim | B25: Manila | C25: Phones | D25: 13:30 | E25: 450 | F25: 452 | G25: 433 | H25: =E25-G25 | I25: =G25/E25 | J25: =F25/E25
A26: Rafael Torres | B26: Manila | C26: Chat | D26: 14:00 | E26: 450 | F26: 453 | G26: 423 | H26: =E26-G26 | I26: =G26/E26 | J26: =F26/E26
A28: Overtime and ad-hoc queue moves hurt adherence even when they were the right call, so read this tab next to the Action column on Intraday RTA.

Sheet Calc
A1: Interval | B1: Erlangs | C1: 1 | D1: 2 | E1: 3 | F1: 4 | G1: 5 | H1: 6 | I1: 7 | J1: 8 | K1: 9 | L1: 10 | M1: 11 | N1: 12 | O1: 13 | P1: 14 | Q1: 15 | R1: 16 | S1: 17 | T1: 18 | U1: 19 | V1: 20 | W1: 21 | X1: 22 | Y1: 23 | Z1: 24 | AA1: 25 | AB1: 26 | AC1: 27 | AD1: 28 | AE1: 29 | AF1: 30 | AG1: 31 | AH1: 32 | AI1: 33 | AJ1: 34 | AK1: 35 | AL1: 36 | AM1: 37 | AN1: 38 | AO1: 39 | AP1: 40 | AQ1: 41 | AR1: 42 | AS1: 43 | AT1: 44 | AU1: 45 | AV1: 46 | AW1: 47 | AX1: 48 | AY1: 49 | AZ1: 50 | BA1: 51 | BB1: 52 | BC1: 53 | BD1: 54 | BE1: 55 | BF1: 56 | BG1: 57 | BH1: 58 | BI1: 59 | BJ1: 60
A11: ='Staffing Calculator'!A11 | B11: ='Staffing Calculator'!C11 | C11: =IF(C$1<=$B11,0,1-_xlfn.POISSON.DIST(C$1,$B11,FALSE)/(_xlfn.POISSON.DIST(C$1,$B11,FALSE)+(1-$B11/C$1)*_xlfn.POISSON.DIST(C$1-1,$B11,TRUE))*EXP(-(C$1-$B11)*'Staffing Calculator'!$B$5/'Staffing Calculator'!$B$6)) | D11: =IF(D$1<=$B11,0,1-_xlfn.POISSON.DIST(D$1,$B11,FALSE)/(_xlfn.POISSON.DIST(D$1,$B11,FALSE)+(1-$B11/D$1)*_xlfn.POISSON.DIST(D$1-1,$B11,TRUE))*EXP(-(D$1-$B11)*'Staffing Calculator'!$B$5/'Staffing Calculator'!$B$6)) | E11: =IF(E$1<=$B11,0,1-_xlfn.POISSON.DIST(E$1,$B11,FALSE)/(_xlfn.POISSON.DIST(E$1,$B11,FALSE)+(1-$B11/E$1)*_xlfn.POISSON.DIST(E$1-1,$B11,TRUE))*EXP(-(E$1-$B11)*'Staffing Calculator'!$B$5/'Staffing Calculator'!$B$6)) | F11: =IF(F$1<=$B11,0,1-_xlfn.POISSON.DIST(F$1,$B11,FALSE)/(_xlfn.POISSON.DIST(F$1,$B11,FALSE)+(1-$B11/F$1)*_xlfn.POISSON.DIST(F$1-1,$B11,TRUE))*EXP(-(F$1-$B11)*'Staffing Calculator'!$B$5/'Staffing Calculator'!$B$6)) | G11: =IF(G$1<=$B11,0,1-_xlfn.POISSON.DIST(G$1,$B11,FALSE)/(_xlfn.POISSON.DIST(G$1,$B11,FALSE)+(1-$B11/G$1)*_xlfn.POISSON.DIST(G$1-1,$B11,TRUE))*EXP(-(G$1-$B11)*'Staffing Calculator'!$B$5/'Staffing Calculator'!$B$6)) | H11: =IF(H$1<=$B11,0,1-_xlfn.POISSON.DIST(H$1,$B11,FALSE)/(_xlfn.POISSON.DIST(H$1,$B11,FALSE)+(1-$B11/H$1)*_xlfn.POISSON.DIST(H$1-1,$B11,TRUE))*EXP(-(H$1-$B11)*'Staffing Calculator'!$B$5/'Staffing Calculator'!$B$6)) | I11: =IF(I$1<=$B11,0,1-_xlfn.POISSON.DIST(I$1,$B11,FALSE)/(_xlfn.POISSON.DIST(I$1,$B11,FALSE)+(1-$B11/I$1)*_xlfn.POISSON.DIST(I$1-1,$B11,TRUE))*EXP(-(I$1-$B11)*'Staffing Calculator'!$B$5/'Staffing Calculator'!$B$6)) | J11: =IF(J$1<=$B11,0,1-_xlfn.POISSON.DIST(J$1,$B11,FALSE)/(_xlfn.POISSON.DIST(J$1,$B11,FALSE)+(1-$B11/J$1)*_xlfn.POISSON.DIST(J$1-1,$B11,TRUE))*EXP(-(J$1-$B11)*'Staffing Calculator'!$B$5/'Staffing Calculator'!$B$6)) | ... BJ11: =IF(BJ$1<=$B11,0,1-_xlfn.POISSON.DIST(BJ$1,$B11,FALSE)/(_xlfn.POISSON.DIST(BJ$1,$B11,FALSE)+(1-$B11/BJ$1)*_xlfn.POISSON.DIST(BJ$1-1,$B11,TRUE))*EXP(-(BJ$1-$B11)*'Staffing Calculator'!$B$5/'Staffing Calculator'!$B$6))
A12: ='Staffing Calculator'!A12 | B12: ='Staffing Calculator'!C12 | C12: =IF(C$1<=$B12,0,1-_xlfn.POISSON.DIST(C$1,$B12,FALSE)/(_xlfn.POISSON.DIST(C$1,$B12,FALSE)+(1-$B12/C$1)*_xlfn.POISSON.DIST(C$1-1,$B12,TRUE))*EXP(-(C$1-$B12)*'Staffing Calculator'!$B$5/'Staffing Calculator'!$B$6)) | D12: =IF(D$1<=$B12,0,1-_xlfn.POISSON.DIST(D$1,$B12,FALSE)/(_xlfn.POISSON.DIST(D$1,$B12,FALSE)+(1-$B12/D$1)*_xlfn.POISSON.DIST(D$1-1,$B12,TRUE))*EXP(-(D$1-$B12)*'Staffing Calculator'!$B$5/'Staffing Calculator'!$B$6)) | E12: =IF(E$1<=$B12,0,1-_xlfn.POISSON.DIST(E$1,$B12,FALSE)/(_xlfn.POISSON.DIST(E$1,$B12,FALSE)+(1-$B12/E$1)*_xlfn.POISSON.DIST(E$1-1,$B12,TRUE))*EXP(-(E$1-$B12)*'Staffing Calculator'!$B$5/'Staffing Calculator'!$B$6)) | F12: =IF(F$1<=$B12,0,1-_xlfn.POISSON.DIST(F$1,$B12,FALSE)/(_xlfn.POISSON.DIST(F$1,$B12,FALSE)+(1-$B12/F$1)*_xlfn.POISSON.DIST(F$1-1,$B12,TRUE))*EXP(-(F$1-$B12)*'Staffing Calculator'!$B$5/'Staffing Calculator'!$B$6)) | G12: =IF(G$1<=$B12,0,1-_xlfn.POISSON.DIST(G$1,$B12,FALSE)/(_xlfn.POISSON.DIST(G$1,$B12,FALSE)+(1-$B12/G$1)*_xlfn.POISSON.DIST(G$1-1,$B12,TRUE))*EXP(-(G$1-$B12)*'Staffing Calculator'!$B$5/'Staffing Calculator'!$B$6)) | H12: =IF(H$1<=$B12,0,1-_xlfn.POISSON.DIST(H$1,$B12,FALSE)/(_xlfn.POISSON.DIST(H$1,$B12,FALSE)+(1-$B12/H$1)*_xlfn.POISSON.DIST(H$1-1,$B12,TRUE))*EXP(-(H$1-$B12)*'Staffing Calculator'!$B$5/'Staffing Calculator'!$B$6)) | I12: =IF(I$1<=$B12,0,1-_xlfn.POISSON.DIST(I$1,$B12,FALSE)/(_xlfn.POISSON.DIST(I$1,$B12,FALSE)+(1-$B12/I$1)*_xlfn.POISSON.DIST(I$1-1,$B12,TRUE))*EXP(-(I$1-$B12)*'Staffing Calculator'!$B$5/'Staffing Calculator'!$B$6)) | J12: =IF(J$1<=$B12,0,1-_xlfn.POISSON.DIST(J$1,$B12,FALSE)/(_xlfn.POISSON.DIST(J$1,$B12,FALSE)+(1-$B12/J$1)*_xlfn.POISSON.DIST(J$1-1,$B12,TRUE))*EXP(-(J$1-$B12)*'Staffing Calculator'!$B$5/'Staffing Calculator'!$B$6)) | ... BJ12: =IF(BJ$1<=$B12,0,1-_xlfn.POISSON.DIST(BJ$1,$B12,FALSE)/(_xlfn.POISSON.DIST(BJ$1,$B12,FALSE)+(1-$B12/BJ$1)*_xlfn.POISSON.DIST(BJ$1-1,$B12,TRUE))*EXP(-(BJ$1-$B12)*'Staffing Calculator'!$B$5/'Staffing Calculator'!$B$6))
A13: ='Staffing Calculator'!A13 | B13: ='Staffing Calculator'!C13 | C13: =IF(C$1<=$B13,0,1-_xlfn.POISSON.DIST(C$1,$B13,FALSE)/(_xlfn.POISSON.DIST(C$1,$B13,FALSE)+(1-$B13/C$1)*_xlfn.POISSON.DIST(C$1-1,$B13,TRUE))*EXP(-(C$1-$B13)*'Staffing Calculator'!$B$5/'Staffing Calculator'!$B$6)) | D13: =IF(D$1<=$B13,0,1-_xlfn.POISSON.DIST(D$1,$B13,FALSE)/(_xlfn.POISSON.DIST(D$1,$B13,FALSE)+(1-$B13/D$1)*_xlfn.POISSON.DIST(D$1-1,$B13,TRUE))*EXP(-(D$1-$B13)*'Staffing Calculator'!$B$5/'Staffing Calculator'!$B$6)) | E13: =IF(E$1<=$B13,0,1-_xlfn.POISSON.DIST(E$1,$B13,FALSE)/(_xlfn.POISSON.DIST(E$1,$B13,FALSE)+(1-$B13/E$1)*_xlfn.POISSON.DIST(E$1-1,$B13,TRUE))*EXP(-(E$1-$B13)*'Staffing Calculator'!$B$5/'Staffing Calculator'!$B$6)) | F13: =IF(F$1<=$B13,0,1-_xlfn.POISSON.DIST(F$1,$B13,FALSE)/(_xlfn.POISSON.DIST(F$1,$B13,FALSE)+(1-$B13/F$1)*_xlfn.POISSON.DIST(F$1-1,$B13,TRUE))*EXP(-(F$1-$B13)*'Staffing Calculator'!$B$5/'Staffing Calculator'!$B$6)) | G13: =IF(G$1<=$B13,0,1-_xlfn.POISSON.DIST(G$1,$B13,FALSE)/(_xlfn.POISSON.DIST(G$1,$B13,FALSE)+(1-$B13/G$1)*_xlfn.POISSON.DIST(G$1-1,$B13,TRUE))*EXP(-(G$1-$B13)*'Staffing Calculator'!$B$5/'Staffing Calculator'!$B$6)) | H13: =IF(H$1<=$B13,0,1-_xlfn.POISSON.DIST(H$1,$B13,FALSE)/(_xlfn.POISSON.DIST(H$1,$B13,FALSE)+(1-$B13/H$1)*_xlfn.POISSON.DIST(H$1-1,$B13,TRUE))*EXP(-(H$1-$B13)*'Staffing Calculator'!$B$5/'Staffing Calculator'!$B$6)) | I13: =IF(I$1<=$B13,0,1-_xlfn.POISSON.DIST(I$1,$B13,FALSE)/(_xlfn.POISSON.DIST(I$1,$B13,FALSE)+(1-$B13/I$1)*_xlfn.POISSON.DIST(I$1-1,$B13,TRUE))*EXP(-(I$1-$B13)*'Staffing Calculator'!$B$5/'Staffing Calculator'!$B$6)) | J13: =IF(J$1<=$B13,0,1-_xlfn.POISSON.DIST(J$1,$B13,FALSE)/(_xlfn.POISSON.DIST(J$1,$B13,FALSE)+(1-$B13/J$1)*_xlfn.POISSON.DIST(J$1-1,$B13,TRUE))*EXP(-(J$1-$B13)*'Staffing Calculator'!$B$5/'Staffing Calculator'!$B$6)) | ... BJ13: =IF(BJ$1<=$B13,0,1-_xlfn.POISSON.DIST(BJ$1,$B13,FALSE)/(_xlfn.POISSON.DIST(BJ$1,$B13,FALSE)+(1-$B13/BJ$1)*_xlfn.POISSON.DIST(BJ$1-1,$B13,TRUE))*EXP(-(BJ$1-$B13)*'Staffing Calculator'!$B$5/'Staffing Calculator'!$B$6))
A14: ='Staffing Calculator'!A14 | B14: ='Staffing Calculator'!C14 | C14: =IF(C$1<=$B14,0,1-_xlfn.POISSON.DIST(C$1,$B14,FALSE)/(_xlfn.POISSON.DIST(C$1,$B14,FALSE)+(1-$B14/C$1)*_xlfn.POISSON.DIST(C$1-1,$B14,TRUE))*EXP(-(C$1-$B14)*'Staffing Calculator'!$B$5/'Staffing Calculator'!$B$6)) | D14: =IF(D$1<=$B14,0,1-_xlfn.POISSON.DIST(D$1,$B14,FALSE)/(_xlfn.POISSON.DIST(D$1,$B14,FALSE)+(1-$B14/D$1)*_xlfn.POISSON.DIST(D$1-1,$B14,TRUE))*EXP(-(D$1-$B14)*'Staffing Calculator'!$B$5/'Staffing Calculator'!$B$6)) | E14: =IF(E$1<=$B14,0,1-_xlfn.POISSON.DIST(E$1,$B14,FALSE)/(_xlfn.POISSON.DIST(E$1,$B14,FALSE)+(1-$B14/E$1)*_xlfn.POISSON.DIST(E$1-1,$B14,TRUE))*EXP(-(E$1-$B14)*'Staffing Calculator'!$B$5/'Staffing Calculator'!$B$6)) | F14: =IF(F$1<=$B14,0,1-_xlfn.POISSON.DIST(F$1,$B14,FALSE)/(_xlfn.POISSON.DIST(F$1,$B14,FALSE)+(1-$B14/F$1)*_xlfn.POISSON.DIST(F$1-1,$B14,TRUE))*EXP(-(F$1-$B14)*'Staffing Calculator'!$B$5/'Staffing Calculator'!$B$6)) | G14: =IF(G$1<=$B14,0,1-_xlfn.POISSON.DIST(G$1,$B14,FALSE)/(_xlfn.POISSON.DIST(G$1,$B14,FALSE)+(1-$B14/G$1)*_xlfn.POISSON.DIST(G$1-1,$B14,TRUE))*EXP(-(G$1-$B14)*'Staffing Calculator'!$B$5/'Staffing Calculator'!$B$6)) | H14: =IF(H$1<=$B14,0,1-_xlfn.POISSON.DIST(H$1,$B14,FALSE)/(_xlfn.POISSON.DIST(H$1,$B14,FALSE)+(1-$B14/H$1)*_xlfn.POISSON.DIST(H$1-1,$B14,TRUE))*EXP(-(H$1-$B14)*'Staffing Calculator'!$B$5/'Staffing Calculator'!$B$6)) | I14: =IF(I$1<=$B14,0,1-_xlfn.POISSON.DIST(I$1,$B14,FALSE)/(_xlfn.POISSON.DIST(I$1,$B14,FALSE)+(1-$B14/I$1)*_xlfn.POISSON.DIST(I$1-1,$B14,TRUE))*EXP(-(I$1-$B14)*'Staffing Calculator'!$B$5/'Staffing Calculator'!$B$6)) | J14: =IF(J$1<=$B14,0,1-_xlfn.POISSON.DIST(J$1,$B14,FALSE)/(_xlfn.POISSON.DIST(J$1,$B14,FALSE)+(1-$B14/J$1)*_xlfn.POISSON.DIST(J$1-1,$B14,TRUE))*EXP(-(J$1-$B14)*'Staffing Calculator'!$B$5/'Staffing Calculator'!$B$6)) | ... BJ14: =IF(BJ$1<=$B14,0,1-_xlfn.POISSON.DIST(BJ$1,$B14,FALSE)/(_xlfn.POISSON.DIST(BJ$1,$B14,FALSE)+(1-$B14/BJ$1)*_xlfn.POISSON.DIST(BJ$1-1,$B14,TRUE))*EXP(-(BJ$1-$B14)*'Staffing Calculator'!$B$5/'Staffing Calculator'!$B$6))
A15: ='Staffing Calculator'!A15 | B15: ='Staffing Calculator'!C15 | C15: =IF(C$1<=$B15,0,1-_xlfn.POISSON.DIST(C$1,$B15,FALSE)/(_xlfn.POISSON.DIST(C$1,$B15,FALSE)+(1-$B15/C$1)*_xlfn.POISSON.DIST(C$1-1,$B15,TRUE))*EXP(-(C$1-$B15)*'Staffing Calculator'!$B$5/'Staffing Calculator'!$B$6)) | D15: =IF(D$1<=$B15,0,1-_xlfn.POISSON.DIST(D$1,$B15,FALSE)/(_xlfn.POISSON.DIST(D$1,$B15,FALSE)+(1-$B15/D$1)*_xlfn.POISSON.DIST(D$1-1,$B15,TRUE))*EXP(-(D$1-$B15)*'Staffing Calculator'!$B$5/'Staffing Calculator'!$B$6)) | E15: =IF(E$1<=$B15,0,1-_xlfn.POISSON.DIST(E$1,$B15,FALSE)/(_xlfn.POISSON.DIST(E$1,$B15,FALSE)+(1-$B15/E$1)*_xlfn.POISSON.DIST(E$1-1,$B15,TRUE))*EXP(-(E$1-$B15)*'Staffing Calculator'!$B$5/'Staffing Calculator'!$B$6)) | F15: =IF(F$1<=$B15,0,1-_xlfn.POISSON.DIST(F$1,$B15,FALSE)/(_xlfn.POISSON.DIST(F$1,$B15,FALSE)+(1-$B15/F$1)*_xlfn.POISSON.DIST(F$1-1,$B15,TRUE))*EXP(-(F$1-$B15)*'Staffing Calculator'!$B$5/'Staffing Calculator'!$B$6)) | G15: =IF(G$1<=$B15,0,1-_xlfn.POISSON.DIST(G$1,$B15,FALSE)/(_xlfn.POISSON.DIST(G$1,$B15,FALSE)+(1-$B15/G$1)*_xlfn.POISSON.DIST(G$1-1,$B15,TRUE))*EXP(-(G$1-$B15)*'Staffing Calculator'!$B$5/'Staffing Calculator'!$B$6)) | H15: =IF(H$1<=$B15,0,1-_xlfn.POISSON.DIST(H$1,$B15,FALSE)/(_xlfn.POISSON.DIST(H$1,$B15,FALSE)+(1-$B15/H$1)*_xlfn.POISSON.DIST(H$1-1,$B15,TRUE))*EXP(-(H$1-$B15)*'Staffing Calculator'!$B$5/'Staffing Calculator'!$B$6)) | I15: =IF(I$1<=$B15,0,1-_xlfn.POISSON.DIST(I$1,$B15,FALSE)/(_xlfn.POISSON.DIST(I$1,$B15,FALSE)+(1-$B15/I$1)*_xlfn.POISSON.DIST(I$1-1,$B15,TRUE))*EXP(-(I$1-$B15)*'Staffing Calculator'!$B$5/'Staffing Calculator'!$B$6)) | J15: =IF(J$1<=$B15,0,1-_xlfn.POISSON.DIST(J$1,$B15,FALSE)/(_xlfn.POISSON.DIST(J$1,$B15,FALSE)+(1-$B15/J$1)*_xlfn.POISSON.DIST(J$1-1,$B15,TRUE))*EXP(-(J$1-$B15)*'Staffing Calculator'!$B$5/'Staffing Calculator'!$B$6)) | ... BJ15: =IF(BJ$1<=$B15,0,1-_xlfn.POISSON.DIST(BJ$1,$B15,FALSE)/(_xlfn.POISSON.DIST(BJ$1,$B15,FALSE)+(1-$B15/BJ$1)*_xlfn.POISSON.DIST(BJ$1-1,$B15,TRUE))*EXP(-(BJ$1-$B15)*'Staffing Calculator'!$B$5/'Staffing Calculator'!$B$6))
A16: ='Staffing Calculator'!A16 | B16: ='Staffing Calculator'!C16 | C16: =IF(C$1<=$B16,0,1-_xlfn.POISSON.DIST(C$1,$B16,FALSE)/(_xlfn.POISSON.DIST(C$1,$B16,FALSE)+(1-$B16/C$1)*_xlfn.POISSON.DIST(C$1-1,$B16,TRUE))*EXP(-(C$1-$B16)*'Staffing Calculator'!$B$5/'Staffing Calculator'!$B$6)) | D16: =IF(D$1<=$B16,0,1-_xlfn.POISSON.DIST(D$1,$B16,FALSE)/(_xlfn.POISSON.DIST(D$1,$B16,FALSE)+(1-$B16/D$1)*_xlfn.POISSON.DIST(D$1-1,$B16,TRUE))*EXP(-(D$1-$B16)*'Staffing Calculator'!$B$5/'Staffing Calculator'!$B$6)) | E16: =IF(E$1<=$B16,0,1-_xlfn.POISSON.DIST(E$1,$B16,FALSE)/(_xlfn.POISSON.DIST(E$1,$B16,FALSE)+(1-$B16/E$1)*_xlfn.POISSON.DIST(E$1-1,$B16,TRUE))*EXP(-(E$1-$B16)*'Staffing Calculator'!$B$5/'Staffing Calculator'!$B$6)) | F16: =IF(F$1<=$B16,0,1-_xlfn.POISSON.DIST(F$1,$B16,FALSE)/(_xlfn.POISSON.DIST(F$1,$B16,FALSE)+(1-$B16/F$1)*_xlfn.POISSON.DIST(F$1-1,$B16,TRUE))*EXP(-(F$1-$B16)*'Staffing Calculator'!$B$5/'Staffing Calculator'!$B$6)) | G16: =IF(G$1<=$B16,0,1-_xlfn.POISSON.DIST(G$1,$B16,FALSE)/(_xlfn.POISSON.DIST(G$1,$B16,FALSE)+(1-$B16/G$1)*_xlfn.POISSON.DIST(G$1-1,$B16,TRUE))*EXP(-(G$1-$B16)*'Staffing Calculator'!$B$5/'Staffing Calculator'!$B$6)) | H16: =IF(H$1<=$B16,0,1-_xlfn.POISSON.DIST(H$1,$B16,FALSE)/(_xlfn.POISSON.DIST(H$1,$B16,FALSE)+(1-$B16/H$1)*_xlfn.POISSON.DIST(H$1-1,$B16,TRUE))*EXP(-(H$1-$B16)*'Staffing Calculator'!$B$5/'Staffing Calculator'!$B$6)) | I16: =IF(I$1<=$B16,0,1-_xlfn.POISSON.DIST(I$1,$B16,FALSE)/(_xlfn.POISSON.DIST(I$1,$B16,FALSE)+(1-$B16/I$1)*_xlfn.POISSON.DIST(I$1-1,$B16,TRUE))*EXP(-(I$1-$B16)*'Staffing Calculator'!$B$5/'Staffing Calculator'!$B$6)) | J16: =IF(J$1<=$B16,0,1-_xlfn.POISSON.DIST(J$1,$B16,FALSE)/(_xlfn.POISSON.DIST(J$1,$B16,FALSE)+(1-$B16/J$1)*_xlfn.POISSON.DIST(J$1-1,$B16,TRUE))*EXP(-(J$1-$B16)*'Staffing Calculator'!$B$5/'Staffing Calculator'!$B$6)) | ... BJ16: =IF(BJ$1<=$B16,0,1-_xlfn.POISSON.DIST(BJ$1,$B16,FALSE)/(_xlfn.POISSON.DIST(BJ$1,$B16,FALSE)+(1-$B16/BJ$1)*_xlfn.POISSON.DIST(BJ$1-1,$B16,TRUE))*EXP(-(BJ$1-$B16)*'Staffing Calculator'!$B$5/'Staffing Calculator'!$B$6))
A17: ='Staffing Calculator'!A17 | B17: ='Staffing Calculator'!C17 | C17: =IF(C$1<=$B17,0,1-_xlfn.POISSON.DIST(C$1,$B17,FALSE)/(_xlfn.POISSON.DIST(C$1,$B17,FALSE)+(1-$B17/C$1)*_xlfn.POISSON.DIST(C$1-1,$B17,TRUE))*EXP(-(C$1-$B17)*'Staffing Calculator'!$B$5/'Staffing Calculator'!$B$6)) | D17: =IF(D$1<=$B17,0,1-_xlfn.POISSON.DIST(D$1,$B17,FALSE)/(_xlfn.POISSON.DIST(D$1,$B17,FALSE)+(1-$B17/D$1)*_xlfn.POISSON.DIST(D$1-1,$B17,TRUE))*EXP(-(D$1-$B17)*'Staffing Calculator'!$B$5/'Staffing Calculator'!$B$6)) | E17: =IF(E$1<=$B17,0,1-_xlfn.POISSON.DIST(E$1,$B17,FALSE)/(_xlfn.POISSON.DIST(E$1,$B17,FALSE)+(1-$B17/E$1)*_xlfn.POISSON.DIST(E$1-1,$B17,TRUE))*EXP(-(E$1-$B17)*'Staffing Calculator'!$B$5/'Staffing Calculator'!$B$6)) | F17: =IF(F$1<=$B17,0,1-_xlfn.POISSON.DIST(F$1,$B17,FALSE)/(_xlfn.POISSON.DIST(F$1,$B17,FALSE)+(1-$B17/F$1)*_xlfn.POISSON.DIST(F$1-1,$B17,TRUE))*EXP(-(F$1-$B17)*'Staffing Calculator'!$B$5/'Staffing Calculator'!$B$6)) | G17: =IF(G$1<=$B17,0,1-_xlfn.POISSON.DIST(G$1,$B17,FALSE)/(_xlfn.POISSON.DIST(G$1,$B17,FALSE)+(1-$B17/G$1)*_xlfn.POISSON.DIST(G$1-1,$B17,TRUE))*EXP(-(G$1-$B17)*'Staffing Calculator'!$B$5/'Staffing Calculator'!$B$6)) | H17: =IF(H$1<=$B17,0,1-_xlfn.POISSON.DIST(H$1,$B17,FALSE)/(_xlfn.POISSON.DIST(H$1,$B17,FALSE)+(1-$B17/H$1)*_xlfn.POISSON.DIST(H$1-1,$B17,TRUE))*EXP(-(H$1-$B17)*'Staffing Calculator'!$B$5/'Staffing Calculator'!$B$6)) | I17: =IF(I$1<=$B17,0,1-_xlfn.POISSON.DIST(I$1,$B17,FALSE)/(_xlfn.POISSON.DIST(I$1,$B17,FALSE)+(1-$B17/I$1)*_xlfn.POISSON.DIST(I$1-1,$B17,TRUE))*EXP(-(I$1-$B17)*'Staffing Calculator'!$B$5/'Staffing Calculator'!$B$6)) | J17: =IF(J$1<=$B17,0,1-_xlfn.POISSON.DIST(J$1,$B17,FALSE)/(_xlfn.POISSON.DIST(J$1,$B17,FALSE)+(1-$B17/J$1)*_xlfn.POISSON.DIST(J$1-1,$B17,TRUE))*EXP(-(J$1-$B17)*'Staffing Calculator'!$B$5/'Staffing Calculator'!$B$6)) | ... BJ17: =IF(BJ$1<=$B17,0,1-_xlfn.POISSON.DIST(BJ$1,$B17,FALSE)/(_xlfn.POISSON.DIST(BJ$1,$B17,FALSE)+(1-$B17/BJ$1)*_xlfn.POISSON.DIST(BJ$1-1,$B17,TRUE))*EXP(-(BJ$1-$B17)*'Staffing Calculator'!$B$5/'Staffing Calculator'!$B$6))
A18: ='Staffing Calculator'!A18 | B18: ='Staffing Calculator'!C18 | C18: =IF(C$1<=$B18,0,1-_xlfn.POISSON.DIST(C$1,$B18,FALSE)/(_xlfn.POISSON.DIST(C$1,$B18,FALSE)+(1-$B18/C$1)*_xlfn.POISSON.DIST(C$1-1,$B18,TRUE))*EXP(-(C$1-$B18)*'Staffing Calculator'!$B$5/'Staffing Calculator'!$B$6)) | D18: =IF(D$1<=$B18,0,1-_xlfn.POISSON.DIST(D$1,$B18,FALSE)/(_xlfn.POISSON.DIST(D$1,$B18,FALSE)+(1-$B18/D$1)*_xlfn.POISSON.DIST(D$1-1,$B18,TRUE))*EXP(-(D$1-$B18)*'Staffing Calculator'!$B$5/'Staffing Calculator'!$B$6)) | E18: =IF(E$1<=$B18,0,1-_xlfn.POISSON.DIST(E$1,$B18,FALSE)/(_xlfn.POISSON.DIST(E$1,$B18,FALSE)+(1-$B18/E$1)*_xlfn.POISSON.DIST(E$1-1,$B18,TRUE))*EXP(-(E$1-$B18)*'Staffing Calculator'!$B$5/'Staffing Calculator'!$B$6)) | F18: =IF(F$1<=$B18,0,1-_xlfn.POISSON.DIST(F$1,$B18,FALSE)/(_xlfn.POISSON.DIST(F$1,$B18,FALSE)+(1-$B18/F$1)*_xlfn.POISSON.DIST(F$1-1,$B18,TRUE))*EXP(-(F$1-$B18)*'Staffing Calculator'!$B$5/'Staffing Calculator'!$B$6)) | G18: =IF(G$1<=$B18,0,1-_xlfn.POISSON.DIST(G$1,$B18,FALSE)/(_xlfn.POISSON.DIST(G$1,$B18,FALSE)+(1-$B18/G$1)*_xlfn.POISSON.DIST(G$1-1,$B18,TRUE))*EXP(-(G$1-$B18)*'Staffing Calculator'!$B$5/'Staffing Calculator'!$B$6)) | H18: =IF(H$1<=$B18,0,1-_xlfn.POISSON.DIST(H$1,$B18,FALSE)/(_xlfn.POISSON.DIST(H$1,$B18,FALSE)+(1-$B18/H$1)*_xlfn.POISSON.DIST(H$1-1,$B18,TRUE))*EXP(-(H$1-$B18)*'Staffing Calculator'!$B$5/'Staffing Calculator'!$B$6)) | I18: =IF(I$1<=$B18,0,1-_xlfn.POISSON.DIST(I$1,$B18,FALSE)/(_xlfn.POISSON.DIST(I$1,$B18,FALSE)+(1-$B18/I$1)*_xlfn.POISSON.DIST(I$1-1,$B18,TRUE))*EXP(-(I$1-$B18)*'Staffing Calculator'!$B$5/'Staffing Calculator'!$B$6)) | J18: =IF(J$1<=$B18,0,1-_xlfn.POISSON.DIST(J$1,$B18,FALSE)/(_xlfn.POISSON.DIST(J$1,$B18,FALSE)+(1-$B18/J$1)*_xlfn.POISSON.DIST(J$1-1,$B18,TRUE))*EXP(-(J$1-$B18)*'Staffing Calculator'!$B$5/'Staffing Calculator'!$B$6)) | ... BJ18: =IF(BJ$1<=$B18,0,1-_xlfn.POISSON.DIST(BJ$1,$B18,FALSE)/(_xlfn.POISSON.DIST(BJ$1,$B18,FALSE)+(1-$B18/BJ$1)*_xlfn.POISSON.DIST(BJ$1-1,$B18,TRUE))*EXP(-(BJ$1-$B18)*'Staffing Calculator'!$B$5/'Staffing Calculator'!$B$6))
A19: ='Staffing Calculator'!A19 | B19: ='Staffing Calculator'!C19 | C19: =IF(C$1<=$B19,0,1-_xlfn.POISSON.DIST(C$1,$B19,FALSE)/(_xlfn.POISSON.DIST(C$1,$B19,FALSE)+(1-$B19/C$1)*_xlfn.POISSON.DIST(C$1-1,$B19,TRUE))*EXP(-(C$1-$B19)*'Staffing Calculator'!$B$5/'Staffing Calculator'!$B$6)) | D19: =IF(D$1<=$B19,0,1-_xlfn.POISSON.DIST(D$1,$B19,FALSE)/(_xlfn.POISSON.DIST(D$1,$B19,FALSE)+(1-$B19/D$1)*_xlfn.POISSON.DIST(D$1-1,$B19,TRUE))*EXP(-(D$1-$B19)*'Staffing Calculator'!$B$5/'Staffing Calculator'!$B$6)) | E19: =IF(E$1<=$B19,0,1-_xlfn.POISSON.DIST(E$1,$B19,FALSE)/(_xlfn.POISSON.DIST(E$1,$B19,FALSE)+(1-$B19/E$1)*_xlfn.POISSON.DIST(E$1-1,$B19,TRUE))*EXP(-(E$1-$B19)*'Staffing Calculator'!$B$5/'Staffing Calculator'!$B$6)) | F19: =IF(F$1<=$B19,0,1-_xlfn.POISSON.DIST(F$1,$B19,FALSE)/(_xlfn.POISSON.DIST(F$1,$B19,FALSE)+(1-$B19/F$1)*_xlfn.POISSON.DIST(F$1-1,$B19,TRUE))*EXP(-(F$1-$B19)*'Staffing Calculator'!$B$5/'Staffing Calculator'!$B$6)) | G19: =IF(G$1<=$B19,0,1-_xlfn.POISSON.DIST(G$1,$B19,FALSE)/(_xlfn.POISSON.DIST(G$1,$B19,FALSE)+(1-$B19/G$1)*_xlfn.POISSON.DIST(G$1-1,$B19,TRUE))*EXP(-(G$1-$B19)*'Staffing Calculator'!$B$5/'Staffing Calculator'!$B$6)) | H19: =IF(H$1<=$B19,0,1-_xlfn.POISSON.DIST(H$1,$B19,FALSE)/(_xlfn.POISSON.DIST(H$1,$B19,FALSE)+(1-$B19/H$1)*_xlfn.POISSON.DIST(H$1-1,$B19,TRUE))*EXP(-(H$1-$B19)*'Staffing Calculator'!$B$5/'Staffing Calculator'!$B$6)) | I19: =IF(I$1<=$B19,0,1-_xlfn.POISSON.DIST(I$1,$B19,FALSE)/(_xlfn.POISSON.DIST(I$1,$B19,FALSE)+(1-$B19/I$1)*_xlfn.POISSON.DIST(I$1-1,$B19,TRUE))*EXP(-(I$1-$B19)*'Staffing Calculator'!$B$5/'Staffing Calculator'!$B$6)) | J19: =IF(J$1<=$B19,0,1-_xlfn.POISSON.DIST(J$1,$B19,FALSE)/(_xlfn.POISSON.DIST(J$1,$B19,FALSE)+(1-$B19/J$1)*_xlfn.POISSON.DIST(J$1-1,$B19,TRUE))*EXP(-(J$1-$B19)*'Staffing Calculator'!$B$5/'Staffing Calculator'!$B$6)) | ... BJ19: =IF(BJ$1<=$B19,0,1-_xlfn.POISSON.DIST(BJ$1,$B19,FALSE)/(_xlfn.POISSON.DIST(BJ$1,$B19,FALSE)+(1-$B19/BJ$1)*_xlfn.POISSON.DIST(BJ$1-1,$B19,TRUE))*EXP(-(BJ$1-$B19)*'Staffing Calculator'!$B$5/'Staffing Calculator'!$B$6))
A20: ='Staffing Calculator'!A20 | B20: ='Staffing Calculator'!C20 | C20: =IF(C$1<=$B20,0,1-_xlfn.POISSON.DIST(C$1,$B20,FALSE)/(_xlfn.POISSON.DIST(C$1,$B20,FALSE)+(1-$B20/C$1)*_xlfn.POISSON.DIST(C$1-1,$B20,TRUE))*EXP(-(C$1-$B20)*'Staffing Calculator'!$B$5/'Staffing Calculator'!$B$6)) | D20: =IF(D$1<=$B20,0,1-_xlfn.POISSON.DIST(D$1,$B20,FALSE)/(_xlfn.POISSON.DIST(D$1,$B20,FALSE)+(1-$B20/D$1)*_xlfn.POISSON.DIST(D$1-1,$B20,TRUE))*EXP(-(D$1-$B20)*'Staffing Calculator'!$B$5/'Staffing Calculator'!$B$6)) | E20: =IF(E$1<=$B20,0,1-_xlfn.POISSON.DIST(E$1,$B20,FALSE)/(_xlfn.POISSON.DIST(E$1,$B20,FALSE)+(1-$B20/E$1)*_xlfn.POISSON.DIST(E$1-1,$B20,TRUE))*EXP(-(E$1-$B20)*'Staffing Calculator'!$B$5/'Staffing Calculator'!$B$6)) | F20: =IF(F$1<=$B20,0,1-_xlfn.POISSON.DIST(F$1,$B20,FALSE)/(_xlfn.POISSON.DIST(F$1,$B20,FALSE)+(1-$B20/F$1)*_xlfn.POISSON.DIST(F$1-1,$B20,TRUE))*EXP(-(F$1-$B20)*'Staffing Calculator'!$B$5/'Staffing Calculator'!$B$6)) | G20: =IF(G$1<=$B20,0,1-_xlfn.POISSON.DIST(G$1,$B20,FALSE)/(_xlfn.POISSON.DIST(G$1,$B20,FALSE)+(1-$B20/G$1)*_xlfn.POISSON.DIST(G$1-1,$B20,TRUE))*EXP(-(G$1-$B20)*'Staffing Calculator'!$B$5/'Staffing Calculator'!$B$6)) | H20: =IF(H$1<=$B20,0,1-_xlfn.POISSON.DIST(H$1,$B20,FALSE)/(_xlfn.POISSON.DIST(H$1,$B20,FALSE)+(1-$B20/H$1)*_xlfn.POISSON.DIST(H$1-1,$B20,TRUE))*EXP(-(H$1-$B20)*'Staffing Calculator'!$B$5/'Staffing Calculator'!$B$6)) | I20: =IF(I$1<=$B20,0,1-_xlfn.POISSON.DIST(I$1,$B20,FALSE)/(_xlfn.POISSON.DIST(I$1,$B20,FALSE)+(1-$B20/I$1)*_xlfn.POISSON.DIST(I$1-1,$B20,TRUE))*EXP(-(I$1-$B20)*'Staffing Calculator'!$B$5/'Staffing Calculator'!$B$6)) | J20: =IF(J$1<=$B20,0,1-_xlfn.POISSON.DIST(J$1,$B20,FALSE)/(_xlfn.POISSON.DIST(J$1,$B20,FALSE)+(1-$B20/J$1)*_xlfn.POISSON.DIST(J$1-1,$B20,TRUE))*EXP(-(J$1-$B20)*'Staffing Calculator'!$B$5/'Staffing Calculator'!$B$6)) | ... BJ20: =IF(BJ$1<=$B20,0,1-_xlfn.POISSON.DIST(BJ$1,$B20,FALSE)/(_xlfn.POISSON.DIST(BJ$1,$B20,FALSE)+(1-$B20/BJ$1)*_xlfn.POISSON.DIST(BJ$1-1,$B20,TRUE))*EXP(-(BJ$1-$B20)*'Staffing Calculator'!$B$5/'Staffing Calculator'!$B$6))
A21: ='Staffing Calculator'!A21 | B21: ='Staffing Calculator'!C21 | C21: =IF(C$1<=$B21,0,1-_xlfn.POISSON.DIST(C$1,$B21,FALSE)/(_xlfn.POISSON.DIST(C$1,$B21,FALSE)+(1-$B21/C$1)*_xlfn.POISSON.DIST(C$1-1,$B21,TRUE))*EXP(-(C$1-$B21)*'Staffing Calculator'!$B$5/'Staffing Calculator'!$B$6)) | D21: =IF(D$1<=$B21,0,1-_xlfn.POISSON.DIST(D$1,$B21,FALSE)/(_xlfn.POISSON.DIST(D$1,$B21,FALSE)+(1-$B21/D$1)*_xlfn.POISSON.DIST(D$1-1,$B21,TRUE))*EXP(-(D$1-$B21)*'Staffing Calculator'!$B$5/'Staffing Calculator'!$B$6)) | E21: =IF(E$1<=$B21,0,1-_xlfn.POISSON.DIST(E$1,$B21,FALSE)/(_xlfn.POISSON.DIST(E$1,$B21,FALSE)+(1-$B21/E$1)*_xlfn.POISSON.DIST(E$1-1,$B21,TRUE))*EXP(-(E$1-$B21)*'Staffing Calculator'!$B$5/'Staffing Calculator'!$B$6)) | F21: =IF(F$1<=$B21,0,1-_xlfn.POISSON.DIST(F$1,$B21,FALSE)/(_xlfn.POISSON.DIST(F$1,$B21,FALSE)+(1-$B21/F$1)*_xlfn.POISSON.DIST(F$1-1,$B21,TRUE))*EXP(-(F$1-$B21)*'Staffing Calculator'!$B$5/'Staffing Calculator'!$B$6)) | G21: =IF(G$1<=$B21,0,1-_xlfn.POISSON.DIST(G$1,$B21,FALSE)/(_xlfn.POISSON.DIST(G$1,$B21,FALSE)+(1-$B21/G$1)*_xlfn.POISSON.DIST(G$1-1,$B21,TRUE))*EXP(-(G$1-$B21)*'Staffing Calculator'!$B$5/'Staffing Calculator'!$B$6)) | H21: =IF(H$1<=$B21,0,1-_xlfn.POISSON.DIST(H$1,$B21,FALSE)/(_xlfn.POISSON.DIST(H$1,$B21,FALSE)+(1-$B21/H$1)*_xlfn.POISSON.DIST(H$1-1,$B21,TRUE))*EXP(-(H$1-$B21)*'Staffing Calculator'!$B$5/'Staffing Calculator'!$B$6)) | I21: =IF(I$1<=$B21,0,1-_xlfn.POISSON.DIST(I$1,$B21,FALSE)/(_xlfn.POISSON.DIST(I$1,$B21,FALSE)+(1-$B21/I$1)*_xlfn.POISSON.DIST(I$1-1,$B21,TRUE))*EXP(-(I$1-$B21)*'Staffing Calculator'!$B$5/'Staffing Calculator'!$B$6)) | J21: =IF(J$1<=$B21,0,1-_xlfn.POISSON.DIST(J$1,$B21,FALSE)/(_xlfn.POISSON.DIST(J$1,$B21,FALSE)+(1-$B21/J$1)*_xlfn.POISSON.DIST(J$1-1,$B21,TRUE))*EXP(-(J$1-$B21)*'Staffing Calculator'!$B$5/'Staffing Calculator'!$B$6)) | ... BJ21: =IF(BJ$1<=$B21,0,1-_xlfn.POISSON.DIST(BJ$1,$B21,FALSE)/(_xlfn.POISSON.DIST(BJ$1,$B21,FALSE)+(1-$B21/BJ$1)*_xlfn.POISSON.DIST(BJ$1-1,$B21,TRUE))*EXP(-(BJ$1-$B21)*'Staffing Calculator'!$B$5/'Staffing Calculator'!$B$6))
A22: ='Staffing Calculator'!A22 | B22: ='Staffing Calculator'!C22 | C22: =IF(C$1<=$B22,0,1-_xlfn.POISSON.DIST(C$1,$B22,FALSE)/(_xlfn.POISSON.DIST(C$1,$B22,FALSE)+(1-$B22/C$1)*_xlfn.POISSON.DIST(C$1-1,$B22,TRUE))*EXP(-(C$1-$B22)*'Staffing Calculator'!$B$5/'Staffing Calculator'!$B$6)) | D22: =IF(D$1<=$B22,0,1-_xlfn.POISSON.DIST(D$1,$B22,FALSE)/(_xlfn.POISSON.DIST(D$1,$B22,FALSE)+(1-$B22/D$1)*_xlfn.POISSON.DIST(D$1-1,$B22,TRUE))*EXP(-(D$1-$B22)*'Staffing Calculator'!$B$5/'Staffing Calculator'!$B$6)) | E22: =IF(E$1<=$B22,0,1-_xlfn.POISSON.DIST(E$1,$B22,FALSE)/(_xlfn.POISSON.DIST(E$1,$B22,FALSE)+(1-$B22/E$1)*_xlfn.POISSON.DIST(E$1-1,$B22,TRUE))*EXP(-(E$1-$B22)*'Staffing Calculator'!$B$5/'Staffing Calculator'!$B$6)) | F22: =IF(F$1<=$B22,0,1-_xlfn.POISSON.DIST(F$1,$B22,FALSE)/(_xlfn.POISSON.DIST(F$1,$B22,FALSE)+(1-$B22/F$1)*_xlfn.POISSON.DIST(F$1-1,$B22,TRUE))*EXP(-(F$1-$B22)*'Staffing Calculator'!$B$5/'Staffing Calculator'!$B$6)) | G22: =IF(G$1<=$B22,0,1-_xlfn.POISSON.DIST(G$1,$B22,FALSE)/(_xlfn.POISSON.DIST(G$1,$B22,FALSE)+(1-$B22/G$1)*_xlfn.POISSON.DIST(G$1-1,$B22,TRUE))*EXP(-(G$1-$B22)*'Staffing Calculator'!$B$5/'Staffing Calculator'!$B$6)) | H22: =IF(H$1<=$B22,0,1-_xlfn.POISSON.DIST(H$1,$B22,FALSE)/(_xlfn.POISSON.DIST(H$1,$B22,FALSE)+(1-$B22/H$1)*_xlfn.POISSON.DIST(H$1-1,$B22,TRUE))*EXP(-(H$1-$B22)*'Staffing Calculator'!$B$5/'Staffing Calculator'!$B$6)) | I22: =IF(I$1<=$B22,0,1-_xlfn.POISSON.DIST(I$1,$B22,FALSE)/(_xlfn.POISSON.DIST(I$1,$B22,FALSE)+(1-$B22/I$1)*_xlfn.POISSON.DIST(I$1-1,$B22,TRUE))*EXP(-(I$1-$B22)*'Staffing Calculator'!$B$5/'Staffing Calculator'!$B$6)) | J22: =IF(J$1<=$B22,0,1-_xlfn.POISSON.DIST(J$1,$B22,FALSE)/(_xlfn.POISSON.DIST(J$1,$B22,FALSE)+(1-$B22/J$1)*_xlfn.POISSON.DIST(J$1-1,$B22,TRUE))*EXP(-(J$1-$B22)*'Staffing Calculator'!$B$5/'Staffing Calculator'!$B$6)) | ... BJ22: =IF(BJ$1<=$B22,0,1-_xlfn.POISSON.DIST(BJ$1,$B22,FALSE)/(_xlfn.POISSON.DIST(BJ$1,$B22,FALSE)+(1-$B22/BJ$1)*_xlfn.POISSON.DIST(BJ$1-1,$B22,TRUE))*EXP(-(BJ$1-$B22)*'Staffing Calculator'!$B$5/'Staffing Calculator'!$B$6))
... A40: ='Staffing Calculator'!A40 | B40: ='Staffing Calculator'!C40 | C40: =IF(C$1<=$B40,0,1-_xlfn.POISSON.DIST(C$1,$B40,FALSE)/(_xlfn.POISSON.DIST(C$1,$B40,FALSE)+(1-$B40/C$1)*_xlfn.POISSON.DIST(C$1-1,$B40,TRUE))*EXP(-(C$1-$B40)*'Staffing Calculator'!$B$5/'Staffing Calculator'!$B$6)) | D40: =IF(D$1<=$B40,0,1-_xlfn.POISSON.DIST(D$1,$B40,FALSE)/(_xlfn.POISSON.DIST(D$1,$B40,FALSE)+(1-$B40/D$1)*_xlfn.POISSON.DIST(D$1-1,$B40,TRUE))*EXP(-(D$1-$B40)*'Staffing Calculator'!$B$5/'Staffing Calculator'!$B$6)) | E40: =IF(E$1<=$B40,0,1-_xlfn.POISSON.DIST(E$1,$B40,FALSE)/(_xlfn.POISSON.DIST(E$1,$B40,FALSE)+(1-$B40/E$1)*_xlfn.POISSON.DIST(E$1-1,$B40,TRUE))*EXP(-(E$1-$B40)*'Staffing Calculator'!$B$5/'Staffing Calculator'!$B$6)) | F40: =IF(F$1<=$B40,0,1-_xlfn.POISSON.DIST(F$1,$B40,FALSE)/(_xlfn.POISSON.DIST(F$1,$B40,FALSE)+(1-$B40/F$1)*_xlfn.POISSON.DIST(F$1-1,$B40,TRUE))*EXP(-(F$1-$B40)*'Staffing Calculator'!$B$5/'Staffing Calculator'!$B$6)) | G40: =IF(G$1<=$B40,0,1-_xlfn.POISSON.DIST(G$1,$B40,FALSE)/(_xlfn.POISSON.DIST(G$1,$B40,FALSE)+(1-$B40/G$1)*_xlfn.POISSON.DIST(G$1-1,$B40,TRUE))*EXP(-(G$1-$B40)*'Staffing Calculator'!$B$5/'Staffing Calculator'!$B$6)) | H40: =IF(H$1<=$B40,0,1-_xlfn.POISSON.DIST(H$1,$B40,FALSE)/(_xlfn.POISSON.DIST(H$1,$B40,FALSE)+(1-$B40/H$1)*_xlfn.POISSON.DIST(H$1-1,$B40,TRUE))*EXP(-(H$1-$B40)*'Staffing Calculator'!$B$5/'Staffing Calculator'!$B$6)) | I40: =IF(I$1<=$B40,0,1-_xlfn.POISSON.DIST(I$1,$B40,FALSE)/(_xlfn.POISSON.DIST(I$1,$B40,FALSE)+(1-$B40/I$1)*_xlfn.POISSON.DIST(I$1-1,$B40,TRUE))*EXP(-(I$1-$B40)*'Staffing Calculator'!$B$5/'Staffing Calculator'!$B$6)) | J40: =IF(J$1<=$B40,0,1-_xlfn.POISSON.DIST(J$1,$B40,FALSE)/(_xlfn.POISSON.DIST(J$1,$B40,FALSE)+(1-$B40/J$1)*_xlfn.POISSON.DIST(J$1-1,$B40,TRUE))*EXP(-(J$1-$B40)*'Staffing Calculator'!$B$5/'Staffing Calculator'!$B$6)) | ... BJ40: =IF(BJ$1<=$B40,0,1-_xlfn.POISSON.DIST(BJ$1,$B40,FALSE)/(_xlfn.POISSON.DIST(BJ$1,$B40,FALSE)+(1-$B40/BJ$1)*_xlfn.POISSON.DIST(BJ$1-1,$B40,TRUE))*EXP(-(BJ$1-$B40)*'Staffing Calculator'!$B$5/'Staffing Calculator'!$B$6))
